"","name"
"1","abdul"
"2","abhishek"
"3","ability"
"4","ablative"
"5","abroadyoung"
"6","absolutely"
"7","abstract"
"8","abwaabjor"
"9","academically"
"10","academicchatter"
"11","academics"
"12","academicsforefrontsubjects"
"13","academyindia"
"14","academyofmine"
"15","acca"
"16","accabytsb"
"17","accaglobal"
"18","accastudents"
"19","accelerate"
"20","accelerated"
"21","accelerationtimes"
"22","accelerationtimesadoption"
"23","accept"
"24","acceptedschool"
"25","accessibleneedsexplore"
"26","accessibleonlinelearning"
"27","accesstohe"
"28","accessworld"
"29","accordancemental"
"30","accountancy"
"31","accountingfree"
"32","accountinghelp"
"33","accreditation"
"34","accurately"
"35","achievedesigning"
"36","acquire"
"37","acquiring"
"38","actions"
"39","actively"
"40","activitiesbring"
"41","activitiesforkids"
"42","actsearly"
"43","adapt"
"44","adaptive"
"45","adaptrapidly"
"46","additional"
"47","address"
"48","adeptpal"
"49","adfsolutions"
"50","adhdfree"
"51","adipurushtrailer"
"52","adjective"
"53","adjunct"
"54","adjusting"
"55","administrativeassistant"
"56","administratorfree"
"57","adobecaptivate"
"58","adobelearningmanagerimpact"
"59","adopt"
"60","adoption"
"61","adsii"
"62","adult"
"63","adultlearning"
"64","adults"
"65","advantage"
"66","advantageflexible"
"67","adverbs"
"68","advertising"
"69","adviceproduce"
"70","affectdayday"
"71","affiliatemarketing"
"72","affordably"
"73","afree"
"74","afternoon"
"75","afterwardstalentlcvirtualschool"
"76","agriculture"
"77","agriculturetraining"
"78","agriculturists"
"79","aheadfi"
"80","aheadfieldconvenience"
"81","aheadlogistics"
"82","ai"
"83","aiaa"
"84","aibased"
"85","aichat"
"86","aiims"
"87","aiinedtech"
"88","aiineducation"
"89","ailsaforshaw"
"90","aims"
"91","aircraft"
"92","airquality"
"93","aiville"
"94","ajaxfree"
"95","alabama"
"96","alabamas"
"97","alexsdesign"
"98","alibaba"
"99","alike"
"100","aling"
"101","alingglobegmailcom"
"102","alison"
"103","alivecareer"
"104","allowsbecome"
"105","allowshire"
"106","alphabet"
"107","alternative"
"108","alts"
"109","alvinintegrated"
"110","amam"
"111","amazonballoted"
"112","amazonspecials"
"113","amazonva"
"114","americanislamicschool"
"115","amet"
"116","amid"
"117","amnahafeez"
"118","analysisstories"
"119","analysts"
"120","analyticsstoragemining"
"121","analyze"
"122","anchors"
"123","andrea"
"124","angular"
"125","animate"
"126","animationcourses"
"127","answeraccreditation"
"128","answercomments"
"129","answerkeystone"
"130","answers"
"131","answerscaption"
"132","answerscomment"
"133","antipatterns"
"134","anyoneinternet"
"135","anywhereonline"
"136","apartcompetition"
"137","aplunews"
"138","apparatus"
"139","appdesign"
"140","appelearn"
"141","applefree"
"142","applicationsfall"
"143","applicationsinternet"
"144","applyjobs"
"145","appointmentonline"
"146","appositive"
"147","approved"
"148","aprilbusiness"
"149","aprilonlinelearning"
"150","apsupdatesaying"
"151","aptitude"
"152","apttmh"
"153","arabic"
"154","arabicfree"
"155","arabicqaida"
"156","arbitrage"
"157","arcade"
"158","architecture"
"159","arena"
"160","arenaanimationcourse"
"161","arenaanimationcourses"
"162","aristotlewonderful"
"163","arizona"
"164","armenian"
"165","arranged"
"166","arrays"
"167","artgharana"
"168","articles"
"169","articletransition"
"170","articulateinformative"
"171","artifici"
"172","artist"
"173","artseducation"
"174","asar"
"175","ascension"
"176","askfurwee"
"177","asleep"
"178","asogiansstar"
"179","aspireed"
"180","assalamualaikum"
"181","assess"
"182","assets"
"183","assetsfree"
"184","assignmentsprofessional"
"185","assignmentssara"
"186","association"
"187","assurance"
"188","astronaut"
"189","astronomy"
"190","astrophysics"
"191","asynchronous"
"192","atafomonlinecampus"
"193","atafomuniv"
"194","atafomuniversity"
"195","athletes"
"196","atingi"
"197","atingicertificate"
"198","atlantavirtual"
"199","attdfree"
"200","attention"
"201","attitude"
"202","attract"
"203","attraction"
"204","audiencesfree"
"205","auditory"
"206","augmented"
"207","august"
"208","australia"
"209","autism"
"210","autismaccept"
"211","autodesk"
"212","automated"
"213","automatefree"
"214","automotiveengineering"
"215","autopilot"
"216","availablecurrent"
"217","avenues"
"218","avikesh"
"219","avoidfree"
"220","awaits"
"221","award"
"222","awards"
"223","awareness"
"224","azparentsfored"
"225","ba"
"226","babbgroup"
"227","backcottage"
"228","backgolf"
"229","badenoch"
"230","badges"
"231","balance"
"232","balanced"
"233","balancing"
"234","banking"
"235","barclayedu"
"236","barn"
"237","basementfree"
"238","bash"
"239","basiccodingcourse"
"240","basis"
"241","basit"
"242","batch"
"243","beats"
"244","beautify"
"245","beautyblogger"
"246","beautylover"
"247","beautytwitter"
"248","beckykoenig"
"249","beginnersbeginning"
"250","beginnersdays"
"251","behance"
"252","behavioral"
"253","behavioural"
"254","behindyouskipper"
"255","behindyouskipperalways"
"256","belt"
"257","benefitsindividual"
"258","benevolent"
"259","berkshire"
"260","bestchild"
"261","bestofthebest"
"262","betterbetter"
"263","bettermoney"
"264","bgvt"
"265","billion"
"266","billionaremindset"
"267","billionminds"
"268","bimolecular"
"269","bindaas"
"270","biolimcst"
"271","biomed"
"272","biophysics"
"273","birch"
"274","bitsat"
"275","blackholeweek"
"276","blamerise"
"277","blank"
"278","blazor"
"279","blearning"
"280","blender"
"281","blogs"
"282","blueprint"
"283","blunders"
"284","blurry"
"285","bmeholding"
"286","boardroom"
"287","bocavox"
"288","body"
"289","boltt"
"290","bons"
"291","booklet"
"292","booknewsfree"
"293","bookstore"
"294","boostyourrankings"
"295","bootstrapbeginnersfree"
"296","borders"
"297","boring"
"298","boss"
"299","brainnforce"
"300","brainreward"
"301","branded"
"302","branding"
"303","brandlimelight"
"304","breakeven"
"305","breakfastatlantavirtuals"
"306","breaking"
"307","bright"
"308","brightnomad"
"309","brightspace"
"310","brings"
"311","brisks"
"312","britain"
"313","broker"
"314","brown"
"315","browse"
"316","buddha"
"317","buddhajayanti"
"318","buddhaquotes"
"319","budgetingfree"
"320","buffett"
"321","buffetts"
"322","bundlelakh"
"323","bundles"
"324","busd"
"325","businessdevelopment"
"326","businesslaw"
"327","businessstudies"
"328","buyers"
"329","buys"
"330","buzz"
"331","bvidya"
"332","bvidyaexciting"
"333","bwblockchain"
"334","cabytsb"
"335","caglobal"
"336","calculator"
"337","calendars"
"338","calendarvirtual"
"339","called"
"340","callvisit"
"341","callwhatsapp"
"342","cambridge"
"343","campaignfree"
"344","campfromhome"
"345","campocator"
"346","campocators"
"347","camps"
"348","campus"
"349","campusbeautiful"
"350","canadian"
"351","canadians"
"352","candlesticks"
"353","cantilever"
"354","capabilities"
"355","capable"
"356","capitol"
"357","captivate"
"358","card"
"359","cardiofree"
"360","cards"
"361","care"
"362","caredemy"
"363","careeradvice"
"364","careercertified"
"365","careerexpertled"
"366","careerfree"
"367","careeronline"
"368","careerpower"
"369","careers"
"370","careertraining"
"371","caregiver"
"372","caregiving"
"373","caseloads"
"374","casestudy"
"375","cash"
"376","castudents"
"377","catersle"
"378","caterslearning"
"379","caterslevels"
"380","catholiced"
"381","catholicedwa"
"382","catholicsocialthought"
"383","catonkeyboard"
"384","ccccool"
"385","cccertified"
"386","cccw"
"387","ceiling"
"388","certificated"
"389","certificatesenhance"
"390","certificationagile"
"391","certificationpass"
"392","certifiedinstructors"
"393","certifyedllc"
"394","ceusoup"
"395","cfieducation"
"396","champ"
"397","champion"
"398","chandigarhuniversity"
"399","changed"
"400","changetheworld"
"401","changingmeansonlinelearningbetter"
"402","channels"
"403","chaplaincy"
"404","chapteracademic"
"405","chapterlife"
"406","characteranimation"
"407","charisma"
"408","charity"
"409","charteasy"
"410","chartstudyready"
"411","chatbot"
"412","chatprogramme"
"413","cheapfree"
"414","checkamazing"
"415","checkarticle"
"416","checkarticlepresented"
"417","checkdemo"
"418","checkfree"
"419","checkfrequently"
"420","checkguide"
"421","checkinteractive"
"422","checkmotivation"
"423","checksample"
"424","checkskillrise"
"425","checktips"
"426","checktoday"
"427","checkwiwtkpodcast"
"428","chester"
"429","chief"
"430","childgalileo"
"431","childrenhusband"
"432","chinese"
"433","choicechild"
"434","choose"
"435","chooseonline"
"436","choosevariety"
"437","choosing"
"438","chronic"
"439","church"
"440","cinco"
"441","cinema"
"442","cinematic"
"443","cintgroup"
"444","ciscocybersecurity"
"445","ckad"
"446","claim"
"447","claims"
"448","classesalone"
"449","classescheckfull"
"450","classesgarden"
"451","classesgrammar"
"452","classicaleducation"
"453","classicalmusic"
"454","classroommakeover"
"455","clfc"
"456","clic"
"457","clickbrowse"
"458","clickfind"
"459","clickjoin"
"460","clicklearn"
"461","clicklearnsign"
"462","clicklink"
"463","clicklinkfollow"
"464","clickread"
"465","clickwatch"
"466","clientsbeyondfree"
"467","clientsfree"
"468","cllc"
"469","clock"
"470","clone"
"471","clonefree"
"472","closed"
"473","closer"
"474","closerthink"
"475","cloudcomputing"
"476","cltindia"
"477","cltindiaficciedtechearlygradereadingeducationdigitallearningonlinelearning"
"478","cluster"
"479","clusters"
"480","cnnbiscunt"
"481","coachingfree"
"482","cocurricular"
"483","codeblocks"
"484","codedenotes"
"485","coderslife"
"486","codingbasics"
"487","codzskill"
"488","cognitive"
"489","cohort"
"490","cohorts"
"491","coimbatore"
"492","collaborate"
"493","collaborative"
"494","collectedbags"
"495","collection"
"496","colleges"
"497","colorcorrection"
"498","colorful"
"499","colorgrading"
"500","colorgradingwebinar"
"501","columns"
"502","combined"
"503","cominglinemission"
"504","comingsoon"
"505","comming"
"506","committed"
"507","communicationfree"
"508","communicationsfree"
"509","communitieselderly"
"510","communityalonejourney"
"511","communityengagement"
"512","communitysupport"
"513","companies"
"514","comparisonfree"
"515","compelling"
"516","competition"
"517","competitiveturn"
"518","completion"
"519","complex"
"520","complianceofficers"
"521","complimentary"
"522","comprehensionfree"
"523","computerscience"
"524","computingexpert"
"525","concepts"
"526","conceptwastefree"
"527","concernteachers"
"528","conditions"
"529","conferencesfree"
"530","conflict"
"531","confusion"
"532","congratsatingicertificate"
"533","congratulations"
"534","congratulationsbrilliant"
"535","connect"
"536","connections"
"537","connectionschild"
"538","connectlearners"
"539","considered"
"540","consolidating"
"541","constructive"
"542","consultingfree"
"543","contactpegfitzinfo"
"544","contactwhatsapp"
"545","contagion"
"546","contentcreator"
"547","contentrelated"
"548","contentstudents"
"549","contest"
"550","contests"
"551","contexts"
"552","continuingeducation"
"553","continuouslearning"
"554","controlbusiness"
"555","controllearning"
"556","conversionspersonal"
"557","convert"
"558","cool"
"559","coopacademys"
"560","cooperate"
"561","coordinated"
"562","copy"
"563","copylazmi"
"564","copyrightmetaphors"
"565","copywritingfree"
"566","coronationconcert"
"567","corporateassignment"
"568","corporatelaw"
"569","corporatetraining"
"570","corporations"
"571","correctly"
"572","cosmetics"
"573","cosmology"
"574","costa"
"575","costeffective"
"576","costeffectiveness"
"577","costefficiency"
"578","costingprojectsfree"
"579","costs"
"580","costsstudents"
"581","counselling"
"582","countdown"
"583","counter"
"584","country"
"585","coupons"
"586","courseairest"
"587","coursearea"
"588","courseauthoring"
"589","coursecreationexpert"
"590","coursecreationtip"
"591","courseexcellent"
"592","coursefinding"
"593","coursejust"
"594","courselevel"
"595","coursemarketing"
"596","courseperfect"
"597","courseraexcited"
"598","coursesgreat"
"599","courseslanguages"
"600","courseslink"
"601","coursesrange"
"602","coursesschedule"
"603","coursestealprice"
"604","coursestill"
"605","courseultimate"
"606","coursewiseus"
"607","courtney"
"608","cover"
"609","coverage"
"610","coyote"
"611","cpdcreditsfor"
"612","cpdtrainer"
"613","cpdtraining"
"614","crackedfree"
"615","cracking"
"616","craft"
"617","crafted"
"618","crafting"
"619","craftingclass"
"620","craftylife"
"621","crawl"
"622","createyourown"
"623","creationappelearn"
"624","creativeskills"
"625","creatures"
"626","credentials"
"627","creole"
"628","criminaljustice"
"629","criticalthinking"
"630","criticalthinkingskills"
"631","crochet"
"632","crochettips"
"633","crochetwearable"
"634","crops"
"635","crush"
"636","cryo"
"637","cryogenic"
"638","cryptoairdrop"
"639","cryptocurrencies"
"640","cryptocurrency"
"641","csrobsjamaica"
"642","csulb"
"643","cuemath"
"644","curiositypoking"
"645","currentlyonline"
"646","curriculumdevelopment"
"647","custom"
"648","customerfree"
"649","customisable"
"650","cyber"
"651","cyberday"
"652","cyberpunk"
"653","cybersecuritycc"
"654","cybersecuritycertification"
"655","cygnus"
"656","cynical"
"657","daftar"
"658","dalna"
"659","damage"
"660","dana"
"661","danafongdesigns"
"662","dark"
"663","dataanalysis"
"664","dataanalyst"
"665","databaseprogram"
"666","datafundamentals"
"667","datamanagement"
"668","datamonetization"
"669","datanalytics"
"670","datesschedule"
"671","davinciresolve"
"672","davinciresolvetraining"
"673","davinciresolvewebinar"
"674","daysofcode"
"675","dbic"
"676","deadlineonlinelearning"
"677","debt"
"678","decentralised"
"679","decide"
"680","decisionsfree"
"681","dedicated"
"682","deepermath"
"683","default"
"684","defends"
"685","dekkerfree"
"686","delegates"
"687","deliverability"
"688","delivering"
"689","democratized"
"690","democratizeknowledge"
"691","dentalhygiene"
"692","department"
"693","depressionfree"
"694","deputy"
"695","derbyunionline"
"696","derisking"
"697","desiderius"
"698","designation"
"699","designsnext"
"700","designstories"
"701","designtype"
"702","detroit"
"703","developed"
"704","developmentprojectsfree"
"705","devices"
"706","devikar"
"707","devopsfree"
"708","devopssomething"
"709","dialectchoose"
"710","didyouknow"
"711","didyuknowtweet"
"712","dies"
"713","dieting"
"714","differenceworldbehavioral"
"715","digitalcolorgrading"
"716","digitalcolorist"
"717","digitaldesign"
"718","digitaleducation"
"719","digitalhr"
"720","digitalliteracyoften"
"721","digitalpayment"
"722","digitalskills"
"723","digitaltoolsdotblog"
"724","digitaltoolsvlog"
"725","digitaluniversityforall"
"726","dihiro"
"727","dikshan"
"728","diligentlysoon"
"729","diluting"
"730","diplomaineducation"
"731","directionhelp"
"732","director"
"733","directorfree"
"734","directors"
"735","disable"
"736","discipline"
"737","discord"
"738","discounts"
"739","discovered"
"740","discovering"
"741","discoveronline"
"742","discoverthrive"
"743","discrimination"
"744","disorders"
"745","display"
"746","disrupthr"
"747","disrupthryeg"
"748","dissection"
"749","dissertations"
"750","dive"
"751","diversity"
"752","dmknow"
"753","doctors"
"754","doechancellor"
"755","dollerbanty"
"756","dolphicodeas"
"757","domain"
"758","donatedlocal"
"759","dooks"
"760","dose"
"761","doubts"
"762","doyouknowmeans"
"763","dozen"
"764","drawn"
"765","drew"
"766","driving"
"767","drmiriamfirth"
"768","dropshipping"
"769","drsamswapn"
"770","duaseries"
"771","dubais"
"772","dubaitutors"
"773","dundeeuni"
"774","duration"
"775","dyslexia"
"776","earnmoney"
"777","earth"
"778","easiest"
"779","ebus"
"780","ecomarines"
"781","ecommercebusiness"
"782","economy"
"783","economyfree"
"784","econtracting"
"785","edcentinc"
"786","edcloud"
"787","edge"
"788","edinburghuni"
"789","editable"
"790","edsby"
"791","edsurge"
"792","educationacademic"
"793","educationalforkids"
"794","educationalquotes"
"795","educationfinance"
"796","educationforintegration"
"797","educationinrwanda"
"798","educationisthekey"
"799","educationkindlingflamefillingvessel"
"800","educationmitra"
"801","educationrevolution"
"802","educationtips"
"803","educationyouth"
"804","educause"
"805","educhat"
"806","edufocal"
"807","eduguide"
"808","eduguidepro"
"809","eduinput"
"810","edutechbusiness"
"811","efeo"
"812","efficienciesworkplace"
"813","efficiency"
"814","efficiencyfree"
"815","efforts"
"816","efmdeoccs"
"817","eimt"
"818","eimtonline"
"819","eithercourses"
"820","eiuparis"
"821","elearningdeveloper"
"822","elearningelearning"
"823","elearningsolutions"
"824","electric"
"825","electrician"
"826","elimination"
"827","emailfree"
"828","emails"
"829","embracing"
"830","emotional"
"831","emotions"
"832","empathetic"
"833","employability"
"834","employeeengagement"
"835","employment"
"836","empowerment"
"837","emsigma"
"838","enable"
"839","encourages"
"840","encryption"
"841","endless"
"842","engagecourse"
"843","engagedonline"
"844","engine"
"845","engineerhighly"
"846","engines"
"847","england"
"848","engler"
"849","englishclass"
"850","englishfree"
"851","englishlanguageclass"
"852","englishlearn"
"853","enhancing"
"854","enjoyed"
"855","enjoying"
"856","enlightened"
"857","enoughisenough"
"858","enquiry"
"859","enrich"
"860","enrolcourse"
"861","enrolladministrative"
"862","enrollapplied"
"863","enrollcourses"
"864","enrolledonline"
"865","enrolledprogram"
"866","enrollmentdiploma"
"867","enrollnow"
"868","enrollthreeyear"
"869","enrolmentneed"
"870","ensureprepared"
"871","ensures"
"872","ensuretraining"
"873","enter"
"874","enterpriseclassesresponsibility"
"875","entertainers"
"876","enthusiasts"
"877","entrepreneur"
"878","entrepreneurfree"
"879","entrepreneurial"
"880","entrepreneurs"
"881","entrylevel"
"882","entwined"
"883","epic"
"884","equality"
"885","equip"
"886","equipping"
"887","equity"
"888","erasmus"
"889","erica"
"890","ericasouthgate"
"891","erin"
"892","ernesto"
"893","es"
"894","esar"
"895","eschool"
"896","esigninglive"
"897","esplearn"
"898","essaysnext"
"899","essentialfh"
"900","etabsstructural"
"901","ethereum"
"902","ethicalhacking"
"903","ethicalissues"
"904","etsy"
"905","evacuate"
"906","evaluation"
"907","evan"
"908","evaporates"
"909","evdesign"
"910","eventbrite"
"911","eventcollaboration"
"912","everchanging"
"913","everyoneopportunity"
"914","everyonesuper"
"915","evolve"
"916","ewoknever"
"917","examined"
"918","examiners"
"919","examples"
"920","examprep"
"921","examscomprehensive"
"922","excelexciting"
"923","excelfree"
"924","excelworkplace"
"925","excitement"
"926","exclusively"
"927","executive"
"928","executiveeducation"
"929","executives"
"930","exgoland"
"931","exhaustinghire"
"932","existingspecial"
"933","exit"
"934","expa"
"935","expansion"
"936","expectonlinelearner"
"937","experiencesrecent"
"938","experienceteaching"
"939","experiential"
"940","expertcertain"
"941","expertisestructured"
"942","expertiseworld"
"943","expertled"
"944","explains"
"945","explanationstarsuses"
"946","explorepage"
"947","explorepagereelkarofeelkaro"
"948","explores"
"949","explosions"
"950","exportfree"
"951","express"
"952","expresscomfort"
"953","extensionsfree"
"954","fabricproduction"
"955","facebookfree"
"956","faced"
"957","facilitated"
"958","facilitators"
"959","factlearnxplore"
"960","factor"
"961","faculties"
"962","fall"
"963","familyabsolute"
"964","familyopportunity"
"965","famous"
"966","fantasy"
"967","faridmn"
"968","farm"
"969","faster"
"970","fastest"
"971","fasthurry"
"972","fears"
"973","featurelearning"
"974","featurelearnxplore"
"975","featuresapplications"
"976","featuring"
"977","feedbackfriday"
"978","feedsquickbooks"
"979","feeint"
"980","fees"
"981","fellow"
"982","fibre"
"983","fieldever"
"984","figma"
"985","figurescanva"
"986","fillgoogle"
"987","filmbudgetfree"
"988","filmmaking"
"989","filte"
"990","filtersfree"
"991","final"
"992","financesexpert"
"993","financialeducation"
"994","financialsfree"
"995","financialwealth"
"996","financingfree"
"997","findbest"
"998","findmakesplatform"
"999","findthoughts"
"1000","fingertips"
"1001","finishyo"
"1002","fireproof"
"1003","firstcoursesale"
"1004","fishdissection"
"1005","fishystudents"
"1006","fisschool"
"1007","flawless"
"1008","flemish"
"1009","flippedlearning"
"1010","flourish"
"1011","fluid"
"1012","flvs"
"1013","focusboxio"
"1014","focusingterm"
"1015","focusperfect"
"1016","focussinglestage"
"1017","focusstudents"
"1018","folks"
"1019","followinstagram"
"1020","fong"
"1021","foodsupplements"
"1022","forecasts"
"1023","forefrontchangeattend"
"1024","forget"
"1025","forgetting"
"1026","forklifttraining"
"1027","formalized"
"1028","forms"
"1029","formulas"
"1030","fostering"
"1031","found"
"1032","foundational"
"1033","fractions"
"1034","frame"
"1035","frames"
"1036","frameworkfree"
"1037","frameworkonline"
"1038","frank"
"1039","fraud"
"1040","freeclass"
"1041","freecodecamp"
"1042","freecoursesonline"
"1043","freedownloads"
"1044","freelance"
"1045","freelancingfree"
"1046","freelancingmodern"
"1047","freeonlinecourse"
"1048","freshers"
"1049","fresnopacific"
"1050","fridayfun"
"1051","fridayriddle"
"1052","friend"
"1053","friendships"
"1054","front"
"1055","frontiers"
"1056","frontline"
"1057","fulfilled"
"1058","fulfilledleader"
"1059","fullstack"
"1060","fumbledorefree"
"1061","function"
"1062","functionalskills"
"1063","functioning"
"1064","funeralplans"
"1065","funfridays"
"1066","funlearning"
"1067","funwithfriends"
"1068","futureeducation"
"1069","futureleaders"
"1070","futureofeducation"
"1071","futureoflearning"
"1072","futureproof"
"1073","futureready"
"1074","futureschool"
"1075","futuresuccessful"
"1076","gaidhlig"
"1077","galaxy"
"1078","galileopartjourney"
"1079","gamechanging"
"1080","gamedev"
"1081","gamenext"
"1082","gamescheckwebsite"
"1083","gamesforkids"
"1084","gandhipuram"
"1085","gaps"
"1086","garments"
"1087","gautambuddha"
"1088","gcpak"
"1089","gcse"
"1090","generator"
"1091","generatorcreate"
"1092","genuine"
"1093","george"
"1094","german"
"1095","gestalt"
"1096","gestures"
"1097","getgoskills"
"1098","getsonline"
"1099","getwordwall"
"1100","giants"
"1101","gift"
"1102","giftstrong"
"1103","giftwellrounded"
"1104","giveconfidence"
"1105","giveimportant"
"1106","givenlooking"
"1107","giveway"
"1108","globaleconomy"
"1109","globalonlineschool"
"1110","globe"
"1111","glory"
"1112","goalscomfort"
"1113","goalshareworksdoesnworkdaughtermold"
"1114","goesaquarium"
"1115","goldsdev"
"1116","goodbyeisolation"
"1117","goodie"
"1118","goodnews"
"1119","goodnight"
"1120","goodnightstory"
"1121","goodnightwithkip"
"1122","googleuk"
"1123","gooner"
"1124","gotocourse"
"1125","government"
"1126","governmentpio"
"1127","gradesonline"
"1128","graduates"
"1129","graphicdesign"
"1130","greatertorontoarea"
"1131","groovy"
"1132","grouponfree"
"1133","growfruitful"
"1134","growing"
"1135","gt"
"1136","gtgt"
"1137","gtread"
"1138","guaranteefree"
"1139","guideedit"
"1140","guideindependent"
"1141","guitarlessons"
"1142","gymnastics"
"1143","gymnasticseasyfollow"
"1144","hacker"
"1145","hacking"
"1146","hackingfree"
"1147","hafkidsofficial"
"1148","hain"
"1149","hainraffer"
"1150","haitiancreole"
"1151","haitianheritagemonth"
"1152","haito"
"1153","half"
"1154","halfshumanizingvendors"
"1155","hana"
"1156","handle"
"1157","handmadetextiles"
"1158","handsrefined"
"1159","happened"
"1160","happening"
"1161","happeningproperty"
"1162","happensfurry"
"1163","happiness"
"1164","harder"
"1165","hariterbuka"
"1166","harmonizelearn"
"1167","hatshead"
"1168","havenable"
"1169","hawkish"
"1170","hcsflex"
"1171","hctor"
"1172","hd"
"1173","headpunditfree"
"1174","healthcareutaedu"
"1175","healthindustry"
"1176","healthylife"
"1177","hectic"
"1178","held"
"1179","helendoron"
"1180","helendoronconnect"
"1181","helendoronenglish"
"1182","hellobrighter"
"1183","hellosummer"
"1184","helpachieve"
"1185","helpful"
"1186","helpjust"
"1187","helpkindly"
"1188","helpothers"
"1189","helppreparedassignmentforesttrailacademy"
"1190","highconverting"
"1191","higheredit"
"1192","highlights"
"1193","hightraffic"
"1194","hindering"
"1195","hindi"
"1196","hindifree"
"1197","hindu"
"1198","hispanic"
"1199","homehome"
"1200","homelearning"
"1201","homes"
"1202","homeschooltip"
"1203","homesweethome"
"1204","hone"
"1205","honehq"
"1206","honoredincluded"
"1207","honorrock"
"1208","honorswp"
"1209","hopenation"
"1210","hoping"
"1211","horizon"
"1212","horizons"
"1213","hospitality"
"1214","hospitalweek"
"1215","host"
"1216","hosted"
"1217","hosting"
"1218","hostingfree"
"1219","hoursfree"
"1220","howtocaptivate"
"1221","hp"
"1222","hplifeprogram"
"1223","hr"
"1224","hrms"
"1225","hrtech"
"1226","htmlbasics"
"1227","humanizingvendors"
"1228","humanrights"
"1229","hunt"
"1230","hurryjoin"
"1231","hurston"
"1232","hx"
"1233","hypnosis"
"1234","hypnotherapy"
"1235","iaasfree"
"1236","iamasf"
"1237","iastronomer"
"1238","iastronomers"
"1239","icap"
"1240","icindm"
"1241","ideal"
"1242","ideasarticle"
"1243","ideatwohour"
"1244","identifiedstate"
"1245","identity"
"1246","idor"
"1247","ielassocpleasedlydia"
"1248","ielts"
"1249","iherb"
"1250","ihteshamit"
"1251","iimahmedabad"
"1252","ilearn"
"1253","illness"
"1254","imacademy"
"1255","imashraf"
"1256","imitation"
"1257","immasteryacademy"
"1258","immunity"
"1259","impactfulfree"
"1260","impacts"
"1261","implementing"
"1262","impression"
"1263","improveteaching"
"1264","imrankhan"
"1265","inadequate"
"1266","incident"
"1267","incidents"
"1268","incl"
"1269","include"
"1270","inclusionfree"
"1271","inclusiveeducation"
"1272","inclusivelearning"
"1273","incom"
"1274","incomeearn"
"1275","incomefree"
"1276","increasing"
"1277","increasingly"
"1278","indd"
"1279","indesign"
"1280","indiathree"
"1281","individualized"
"1282","industrial"
"1283","industries"
"1284","industrycertifications"
"1285","infinitive"
"1286","infoeiuac"
"1287","infoklassconnectcom"
"1288","infooslereducationca"
"1289","informationfeedback"
"1290","informationspecific"
"1291","infostay"
"1292","infothelifetrailcom"
"1293","initiative"
"1294","innovate"
"1295","innovatepodcasting"
"1296","innovations"
"1297","inpareeksha"
"1298","inpersonschool"
"1299","insecure"
"1300","inspiring"
"1301","institutes"
"1302","institutions"
"1303","instructionaldesign"
"1304","instructionaldesigner"
"1305","instructioncomfort"
"1306","instructions"
"1307","instructorled"
"1308","intake"
"1309","intakemay"
"1310","integrate"
"1311","integrating"
"1312","intelligenceai"
"1313","intelligencefree"
"1314","intensifies"
"1315","intentvoiceamazing"
"1316","interact"
"1317","interactiveprompts"
"1318","interface"
"1319","interger"
"1320","intermediaries"
"1321","internetaccess"
"1322","internships"
"1323","interviewsfree"
"1324","intraoral"
"1325","introduce"
"1326","inttlcsoc"
"1327","intuitive"
"1328","inventorsfree"
"1329","investfuturegift"
"1330","investingonline"
"1331","investingtodayonlinelearning"
"1332","investinyourself"
"1333","investmental"
"1334","investors"
"1335","invoice"
"1336","involveddistribution"
"1337","involving"
"1338","iotum"
"1339","irish"
"1340","islamicc"
"1341","islamiccourses"
"1342","islamicglobalnk"
"1343","islamislamiceducation"
"1344","isolated"
"1345","isolating"
"1346","issuesoccurredongoing"
"1347","isultan"
"1348","italian"
"1349","italladdsup"
"1350","ittraining"
"1351","jailbreakingfree"
"1352","jailed"
"1353","jaindeemedtobeuniversity"
"1354","jainonline"
"1355","jamaica"
"1356","jameson"
"1357","japan"
"1358","japanese"
"1359","japanesepoetry"
"1360","jason"
"1361","jasonjohnstonlooking"
"1362","javaprogramming"
"1363","javascriptphp"
"1364","jawdropping"
"1365","jedi"
"1366","jenna"
"1367","jira"
"1368","joboriented"
"1369","joborientedcourses"
"1370","jobready"
"1371","jobseekersuk"
"1372","john"
"1373","johnlehacademyocean"
"1374","joinembracing"
"1375","joinexciting"
"1376","joinhandsday"
"1377","joinmember"
"1378","jonathan"
"1379","jons"
"1380","jordanbased"
"1381","journeyonline"
"1382","jquery"
"1383","juceeclassic"
"1384","judieannrose"
"1385","juldi"
"1386","june"
"1387","junejuly"
"1388","junit"
"1389","justhundred"
"1390","justmiss"
"1391","kahoot"
"1392","kaizenfree"
"1393","kalyaniaprilonlinelearning"
"1394","kanabo"
"1395","kaplan"
"1396","karen"
"1397","kata"
"1398","kaybeesocials"
"1399","kayoddone"
"1400","keepmind"
"1401","keithpond"
"1402","kemi"
"1403","kennynwokoye"
"1404","kevin"
"1405","keyboard"
"1406","keynote"
"1407","keysminimizewindows"
"1408","khaled"
"1409","khurma"
"1410","kickstart"
"1411","killer"
"1412","kindle"
"1413","kingcharlesiii"
"1414","kinharviepc"
"1415","kiss"
"1416","kitchen"
"1417","klassconnect"
"1418","knewknow"
"1419","knowhigh"
"1420","knowledgebundle"
"1421","knowledgecomfort"
"1422","knowledgefree"
"1423","knowledgeprofitable"
"1424","knowledgepropel"
"1425","knowonlinecourses"
"1426","knowsubscribing"
"1427","knowthinkcomments"
"1428","kosmiktechnologies"
"1429","kotlers"
"1430","kremer"
"1431","lack"
"1432","laid"
"1433","lakelife"
"1434","land"
"1435","langtwt"
"1436","languagebeauty"
"1437","languageclassmy"
"1438","languagecourses"
"1439","languagelearners"
"1440","languagelearning"
"1441","languages"
"1442","languageschool"
"1443","languageskills"
"1444","languagesspeaklanguagelearning"
"1445","laravel"
"1446","lasting"
"1447","laszlo"
"1448","late"
"1449","laughterday"
"1450","launch"
"1451","launched"
"1452","launchsuccessful"
"1453","lawassignments"
"1454","lawfirmmanagers"
"1455","lawhomework"
"1456","lawstudents"
"1457","layoffs"
"1458","lcvleads"
"1459","leaderlatest"
"1460","leadershipdevelopment"
"1461","leading"
"1462","leadingconcerning"
"1463","leadinglack"
"1464","leagsguru"
"1465","leandotorg"
"1466","leapinstitute"
"1467","learnbasics"
"1468","learnbyplay"
"1469","learncovered"
"1470","learncreateplatform"
"1471","learndifferent"
"1472","learnearn"
"1473","learnemployment"
"1474","learnengaging"
"1475","learnersbalancing"
"1476","learnerspointacademy"
"1477","learnersskills"
"1478","learnerstate"
"1479","learneverything"
"1480","learnimprove"
"1481","learnindustry"
"1482","learningbrain"
"1483","learningenglish"
"1484","learningforall"
"1485","learningfromhome"
"1486","learninggreat"
"1487","learningisfun"
"1488","learninglearning"
"1489","learningmanagementsystem"
"1490","learningnewskills"
"1491","learningplatforms"
"1492","learningshare"
"1493","learningstudents"
"1494","learningsupport"
"1495","learningthatworks"
"1496","learningthe"
"1497","learningworked"
"1498","learnjavaonline"
"1499","learnmachinelearning"
"1500","learnpreferred"
"1501","learnprioritize"
"1502","learnreal"
"1503","learnrmitonline"
"1504","learnsign"
"1505","learnsocialization"
"1506","learnstereochemistry"
"1507","learnvarious"
"1508","learnvirtual"
"1509","learnwab"
"1510","learnwantwant"
"1511","learnwithavc"
"1512","learnworldslove"
"1513","learnxplor"
"1514","leave"
"1515","leavi"
"1516","lecturer"
"1517","leeann"
"1518","leeds"
"1519","left"
"1520","legal"
"1521","legalstudies"
"1522","lesshourfree"
"1523","lessonbecoming"
"1524","lessonsfree"
"1525","letstalkaboutdelegate"
"1526","lettersfree"
"1527","levelamerican"
"1528","levelcomprehensive"
"1529","levelcourse"
"1530","leveljapanese"
"1531","levelonline"
"1532","levels"
"1533","levelskills"
"1534","levelup"
"1535","libpaths"
"1536","lidl"
"1537","liesproper"
"1538","lifelong"
"1539","lifetime"
"1540","liftwksp"
"1541","linkcourse"
"1542","linked"
"1543","linkedinfree"
"1544","linkedinlearnings"
"1545","linksopen"
"1546","linktake"
"1547","listenepisode"
"1548","listfree"
"1549","livetraining"
"1550","livewebinar"
"1551","lmedicoll"
"1552","lmsdaily"
"1553","lock"
"1554","londonlisted"
"1555","longdistance"
"1556","longevity"
"1557","longform"
"1558","longtakesellfirst"
"1559","lookcompanys"
"1560","lookdinosaurslife"
"1561","lookgreat"
"1562","lookingecommerce"
"1563","lookingeducationallistening"
"1564","lookingonline"
"1565","lookingtraining"
"1566","lookwork"
"1567","loose"
"1568","lordprimebooksaath"
"1569","loreleianselmo"
"1570","lots"
"1571","loudfilms"
"1572","lovewhatyoudo"
"1573","lower"
"1574","ma"
"1575","mackenzie"
"1576","madrid"
"1577","maestroworld"
"1578","magical"
"1579","magicavoxelfree"
"1580","magnetsvideo"
"1581","mahabharat"
"1582","mail"
"1583","mainspanishtranslation"
"1584","mainstream"
"1585","maiyro"
"1586","major"
"1587","makeover"
"1588","makeprofitable"
"1589","malaysia"
"1590","malware"
"1591","mamatutor"
"1592","mana"
"1593","manageable"
"1594","manageimprove"
"1595","managementcomfort"
"1596","managementfounder"
"1597","managercloud"
"1598","manan"
"1599","mane"
"1600","manipal"
"1601","manner"
"1602","mapping"
"1603","mark"
"1604","markets"
"1605","marlalohmann"
"1606","masterclasspostgraduate"
"1607","masterdegree"
"1608","masterpieces"
"1609","masteryfree"
"1610","masteryim"
"1611","matches"
"1612","mathhelp"
"1613","mathsgcse"
"1614","mathteacher"
"1615","mathtutor"
"1616","matricslooking"
"1617","matthew"
"1618","matthews"
"1619","maximizing"
"1620","mayankbajaj"
"1621","mayo"
"1622","maytheth"
"1623","maythethbewithyou"
"1624","mbaadmissions"
"1625","mbaprogram"
"1626","mbbs"
"1627","mcit"
"1628","mckenzie"
"1629","meaningfulmay"
"1630","mechanic"
"1631","medicine"
"1632","medieval"
"1633","mediocreprints"
"1634","meetingsfree"
"1635","meets"
"1636","mega"
"1637","megacourse"
"1638","membermath"
"1639","memes"
"1640","memory"
"1641","mentalhealthmatters"
"1642","mentalstrength"
"1643","mention"
"1644","mentioned"
"1645","mentoringdigital"
"1646","mentornepal"
"1647","message"
"1648","messages"
"1649","metabolic"
"1650","methods"
"1651","mexican"
"1652","meyers"
"1653","michaelleella"
"1654","michele"
"1655","michigan"
"1656","microcredentials"
"1657","microeconomics"
"1658","microsoftazure"
"1659","microsoftazuretraining"
"1660","microsoftt"
"1661","microsoftteams"
"1662","middle"
"1663","midjourney"
"1664","midwifery"
"1665","mieexpert"
"1666","mike"
"1667","mile"
"1668","milestone"
"1669","millionarietrack"
"1670","millions"
"1671","mindfulnessfree"
"1672","mindfulnesspractice"
"1673","mindgames"
"1674","minds"
"1675","mins"
"1676","minute"
"1677","missingclicklearn"
"1678","missinglettrfree"
"1679","missmaking"
"1680","mistake"
"1681","mita"
"1682","mittals"
"1683","mixing"
"1684","mixture"
"1685","mlearning"
"1686","mmit"
"1687","mobileappdesign"
"1688","mobiles"
"1689","mock"
"1690","mockito"
"1691","model"
"1692","models"
"1693","moderno"
"1694","modernslavery"
"1695","modifiers"
"1696","modulefree"
"1697","moescnjsummer"
"1698","mommybloggers"
"1699","moneybaglives"
"1700","moneydigistore"
"1701","moneytips"
"1702","monfri"
"1703","mongodb"
"1704","moodlelms"
"1705","moodlenews"
"1706","moodler"
"1707","moodlers"
"1708","moodleworld"
"1709","morningready"
"1710","mother"
"1711","motherhood"
"1712","motherhoodmommybloggers"
"1713","motionbackedexamples"
"1714","motivatedonline"
"1715","motivatedonlinelearning"
"1716","motivationamazing"
"1717","motivationmental"
"1718","motivationtips"
"1719","moviescfree"
"1720","moviesfree"
"1721","mrskk"
"1722","mrsmckenziewant"
"1723","mrspennaela"
"1724","mseds"
"1725","msfeaaub"
"1726","multimedia"
"1727","multiplechoice"
"1728","multiplication"
"1729","muscles"
"1730","musclesneck"
"1731","museum"
"1732","musicaltheatre"
"1733","muslimah"
"1734","muslims"
"1735","mustknow"
"1736","mybhubaneswar"
"1737","myonlineshiksha"
"1738","mypowerschool"
"1739","mythologymonday"
"1740","narayanrishneel"
"1741","nasas"
"1742","nationaldayofawareness"
"1743","nationallemonadeday"
"1744","nationwide"
"1745","neale"
"1746","necessity"
"1747","needsmake"
"1748","neet"
"1749","nemgeorg"
"1750","nervesneck"
"1751","netwark"
"1752","network"
"1753","networksecurity"
"1754","networth"
"1755","neverlearnpass"
"1756","neverstoplearning"
"1757","newbie"
"1758","newepisode"
"1759","newpost"
"1760","newskill"
"1761","newsletter"
"1762","nextjs"
"1763","nextjsfree"
"1764","nexttrainioready"
"1765","nexuseduk"
"1766","nicholas"
"1767","njhs"
"1768","nodejs"
"1769","noise"
"1770","nomadfind"
"1771","norths"
"1772","nose"
"1773","note"
"1774","notes"
"1775","noticed"
"1776","notion"
"1777","notmyking"
"1778","noun"
"1779","novice"
"1780","nows"
"1781","nsfw"
"1782","nuclear"
"1783","nurse"
"1784","nursing"
"1785","nursingassignmenthelper"
"1786","nutritionfree"
"1787","observe"
"1788","obstacle"
"1789","obstacles"
"1790","obtainskills"
"1791","ocas"
"1792","ocho"
"1793","odisha"
"1794","officelearn"
"1795","officer"
"1796","oilsfree"
"1797","oirbh"
"1798","olat"
"1799","onenoteedu"
"1800","onesspeak"
"1801","onleaorg"
"1802","onlin"
"1803","onlinebba"
"1804","onlinebusiness"
"1805","onlinecam"
"1806","onlinecampus"
"1807","onlinecarecourses"
"1808","onlinecou"
"1809","onlinecourseservices"
"1810","onlineexplored"
"1811","onlineinreallife"
"1812","onlinele"
"1813","onlinelearninginspire"
"1814","onlinelearninglegislators"
"1815","onlineprofit"
"1816","onlinesessions"
"1817","onlineshop"
"1818","onlinestore"
"1819","onlineteacher"
"1820","onlinetelescope"
"1821","onlinetips"
"1822","onted"
"1823","openday"
"1824","openedx"
"1825","openhouse"
"1826","opensap"
"1827","opensource"
"1828","openunimalaysia"
"1829","operation"
"1830","opinionsmoodle"
"1831","opportunitiesbetter"
"1832","optic"
"1833","optimizationfree"
"1834","optimizationprofessional"
"1835","optimize"
"1836","option"
"1837","optionsupcoming"
"1838","orca"
"1839","oregon"
"1840","organic"
"1841","organizationleveraged"
"1842","organize"
"1843","oriented"
"1844","origami"
"1845","originalitysucceed"
"1846","originscomplex"
"1847","orivesolutionsbhubaneswar"
"1848","orthodontics"
"1849","osler"
"1850","ou"
"1851","oumbangi"
"1852","outcomes"
"1853","outlining"
"1854","outlook"
"1855","overview"
"1856","overwhelmeduncertainty"
"1857","overwhelming"
"1858","overylay"
"1859","ownerbusiness"
"1860","owning"
"1861","pabmagnetworld"
"1862","pacificdental"
"1863","package"
"1864","packet"
"1865","pagethemed"
"1866","pain"
"1867","painfree"
"1868","painters"
"1869","painting"
"1870","palonews"
"1871","pandas"
"1872","panel"
"1873","panic"
"1874","panicfree"
"1875","papistwitness"
"1876","paramedic"
"1877","paraphrasing"
"1878","parentssupport"
"1879","pariseiu"
"1880","partfridayfunlearning"
"1881","participatedsatellitemaking"
"1882","participatedtenderlarge"
"1883","participating"
"1884","partner"
"1885","partnerbest"
"1886","partnered"
"1887","partnershipphilippine"
"1888","partnerslearners"
"1889","passed"
"1890","passionchildren"
"1891","password"
"1892","pastoralcare"
"1893","patiently"
"1894","payables"
"1895","payment"
"1896","paymentgateway"
"1897","paymonthlyoptions"
"1898","pcepcertified"
"1899","pcpp"
"1900","pea"
"1901","pedagogical"
"1902","pegfitz"
"1903","pentesting"
"1904","perfecting"
"1905","personalassistant"
"1906","personalisedlearning"
"1907","personalizededucation"
"1908","personalizedlearning"
"1909","persuasion"
"1910","persuasive"
"1911","pharm"
"1912","pharmacy"
"1913","pharmtech"
"1914","phdlife"
"1915","phdstudent"
"1916","photo"
"1917","photos"
"1918","physical"
"1919","physicallysystem"
"1920","piano"
"1921","piece"
"1922","piggy"
"1923","pilsonanna"
"1924","pipelines"
"1925","pipelinesboardsreposfree"
"1926","placement"
"1927","placeonlinecourse"
"1928","plannedbetter"
"1929","planting"
"1930","plauges"
"1931","playgroundclassmightable"
"1932","playing"
"1933","playlist"
"1934","plays"
"1935","pleased"
"1936","pleaseraiseyourvirtualhand"
"1937","pleasure"
"1938","pleasuredougdenance"
"1939","plsql"
"1940","plunge"
"1941","plusbring"
"1942","pmbok"
"1943","pmdeadline"
"1944","pmiacp"
"1945","pmschools"
"1946","pmschoolsindia"
"1947","pocoachpurdueedu"
"1948","pointnoted"
"1949","poll"
"1950","polymovie"
"1951","poor"
"1952","portalfree"
"1953","position"
"1954","positions"
"1955","positively"
"1956","positivetoday"
"1957","possess"
"1958","possibilities"
"1959","postdoc"
"1960","poster"
"1961","postproduction"
"1962","postspecial"
"1963","potentialcomprehensive"
"1964","potentialpractice"
"1965","potentialtime"
"1966","poundspocket"
"1967","powermock"
"1968","powernotes"
"1969","practicebased"
"1970","practicenext"
"1971","practices"
"1972","practicesclassroom"
"1973","prayer"
"1974","prayers"
"1975","preauthenticated"
"1976","precontracts"
"1977","predictive"
"1978","predictivemaintenance"
"1979","preenroll"
"1980","prefabricated"
"1981","preferencesfree"
"1982","prehistoric"
"1983","prelude"
"1984","preparedwant"
"1985","preparesucceed"
"1986","preparingcamerafree"
"1987","prepfree"
"1988","preschool"
"1989","presence"
"1990","presentations"
"1991","presenterpanelsfree"
"1992","presets"
"1993","presetstaking"
"1994","president"
"1995","press"
"1996","pretty"
"1997","preview"
"1998","previous"
"1999","prez"
"2000","prices"
"2001","prime"
"2002","priorities"
"2003","prioritize"
"2004","priority"
"2005","privateclientfirms"
"2006","privatetutoring"
"2007","prnedu"
"2008","problemfree"
"2009","procedure"
"2010","proceduresvideo"
"2011","processesfree"
"2012","processfree"
"2013","processlike"
"2014","processright"
"2015","producerfree"
"2016","productivityhacks"
"2017","productivitytips"
"2018","professionallevel"
"2019","professionalsfree"
"2020","programfree"
"2021","programfull"
"2022","programmingbasics"
"2023","programmingconcepts"
"2024","programmingdefinitive"
"2025","programmingfree"
"2026","programmingtrainingfree"
"2027","programsfree"
"2028","progress"
"2029","projectmanager"
"2030","projectslearn"
"2031","prokon"
"2032","promoter"
"2033","prompts"
"2034","propel"
"2035","properties"
"2036","prophetseries"
"2037","propositionbusinessfree"
"2038","prospects"
"2039","protected"
"2040","protein"
"2041","provided"
"2042","provider"
"2043","providesonline"
"2044","pryingpurpose"
"2045","psol"
"2046","psychological"
"2047","psychotherapy"
"2048","ptamom"
"2049","ptaschool"
"2050","publishing"
"2051","pukkapresenting"
"2052","pump"
"2053","purd"
"2054","purdueonline"
"2055","purnimaexplore"
"2056","purposedriven"
"2057","purposeready"
"2058","putin"
"2059","putins"
"2060","pythonabsolute"
"2061","pythondjango"
"2062","pythonflask"
"2063","pythononlinetraining"
"2064","pythonprogramming"
"2065","qanda"
"2066","qoeg"
"2067","qualification"
"2068","quantity"
"2069","quarter"
"2070","quechua"
"2071","queencharlotte"
"2072","queriesazurestudiofree"
"2073","queues"
"2074","quicksight"
"2075","quizfree"
"2076","quote"
"2077","quotesdaily"
"2078","quranforall"
"2079","qwikskills"
"2080","rabindranathjayanti"
"2081","raffer"
"2082","raise"
"2083","ramadan"
"2084","ranch"
"2085","raya"
"2086","rccontrolfree"
"2087","reactfree"
"2088","reaction"
"2089","reactjs"
"2090","reactonlinetraining"
"2091","readaloud"
"2092","readcheckrelated"
"2093","readexciting"
"2094","readyultimate"
"2095","realestate"
"2096","realestateagent"
"2097","realestateeducation"
"2098","realistic"
"2099","reality"
"2100","reallife"
"2101","realsystem"
"2102","realtime"
"2103","realuni"
"2104","realworldskills"
"2105","reasons"
"2106","reasonsconvenience"
"2107","reba"
"2108","rebekah"
"2109","rebellion"
"2110","rebellionultimate"
"2111","receiptyear"
"2112","reclaim"
"2113","recognised"
"2114","recognition"
"2115","recognizes"
"2116","recruitment"
"2117","reddressday"
"2118","redshift"
"2119","reduce"
"2120","referral"
"2121","reflections"
"2122","regionebook"
"2123","registerevent"
"2124","registerintro"
"2125","registertech"
"2126","regularly"
"2127","rejuvenate"
"2128","relationships"
"2129","relative"
"2130","rememberfree"
"2131","rememberweekendcomplete"
"2132","reminds"
"2133","remotejob"
"2134","remotelearning"
"2135","remotework"
"2136","renewable"
"2137","renzi"
"2138","reply"
"2139","reported"
"2140","reporters"
"2141","reporting"
"2142","required"
"2143","rescuesummer"
"2144","researchchallenge"
"2145","researchconference"
"2146","researchfree"
"2147","researchscholar"
"2148","reshape"
"2149","resilience"
"2150","resiliencebuilding"
"2151","resiliencefree"
"2152","resilient"
"2153","resolutionfree"
"2154","resolutionsmustkeep"
"2155","resolve"
"2156","resource"
"2157","respectstorchbearer"
"2158","response"
"2159","responsibilities"
"2160","ressources"
"2161","rest"
"2162","restaurant"
"2163","restedfree"
"2164","restructuring"
"2165","resultpandemic"
"2166","resumes"
"2167","retail"
"2168","retailers"
"2169","retain"
"2170","retirement"
"2171","returningfulltime"
"2172","returninguk"
"2173","retweet"
"2174","revenue"
"2175","revenuegrowth"
"2176","reviewed"
"2177","revit"
"2178","revolut"
"2179","revolution"
"2180","rewarding"
"2181","rewards"
"2182","rhonereads"
"2183","rica"
"2184","riceproduction"
"2185","ricescience"
"2186","riceuniversitydesigned"
"2187","riddlechallenge"
"2188","riddlemethat"
"2189","riddleoftheday"
"2190","ridge"
"2191","rights"
"2192","rightsbasic"
"2193","rigorous"
"2194","rinu"
"2195","rmit"
"2196","robe"
"2197","robin"
"2198","rodriguez"
"2199","rogue"
"2200","rollouts"
"2201","rolnick"
"2202","root"
"2203","roterodamus"
"2204","roundedcourses"
"2205","routeone"
"2206","routineimproved"
"2207","rrtx"
"2208","rstats"
"2209","rstcdlk"
"2210","rstudio"
"2211","rsvp"
"2212","rugpullfree"
"2213","runs"
"2214","russian"
"2215","rvsdiscoverytr"
"2216","rvsed"
"2217","rwanda"
"2218","sacred"
"2219","safeguarding"
"2220","sage"
"2221","sakiryavuz"
"2222","salesforce"
"2223","salestraining"
"2224","salmon"
"2225","samedegreeanywhereatanytime"
"2226","sample"
"2227","samyak"
"2228","samyakcomputerclasses"
"2229","sangeetmaychinmay"
"2230","sangeetmaychinmaygmailcom"
"2231","sapjobssapcertification"
"2232","saponlinetraining"
"2233","sappp"
"2234","sapshana"
"2235","saptraining"
"2236","sarah"
"2237","sats"
"2238","save"
"2239","saving"
"2240","savings"
"2241","saysimagine"
"2242","sbgglobal"
"2243","sbgglobalecosystem"
"2244","scamalert"
"2245","scavenger"
"2246","scene"
"2247","scholarships"
"2248","schooldays"
"2249","schooling"
"2250","schoollibraries"
"2251","schoolspace"
"2252","schultz"
"2253","sciencelessons"
"2254","scientists"
"2255","scifi"
"2256","scopegujarat"
"2257","scottishculture"
"2258","scraping"
"2259","scrapy"
"2260","screen"
"2261","scripts"
"2262","scrummaster"
"2263","scrumproduct"
"2264","sculptd"
"2265","sdettest"
"2266","secret"
"2267","secretsfree"
"2268","secretsuccessfree"
"2269","seed"
"2270","seedl"
"2271","seeks"
"2272","seemsgetting"
"2273","seleniunfree"
"2274","selfcontrol"
"2275","selffree"
"2276","selfhelp"
"2277","selling"
"2278","sellingphonefree"
"2279","sellplatforms"
"2280","semester"
"2281","semesters"
"2282","seminarsfree"
"2283","senator"
"2284","send"
"2285","seniors"
"2286","sense"
"2287","sentences"
"2288","seoaffiliate"
"2289","seocourse"
"2290","september"
"2291","serenitysliding"
"2292","servermanagementstudiosql"
"2293","servers"
"2294","settle"
"2295","shampoo"
"2296","shana"
"2297","sharedtwitter"
"2298","sharelove"
"2299","sharing"
"2300","shawnie"
"2301","sheets"
"2302","shell"
"2303","shelters"
"2304","shifted"
"2305","shiksha"
"2306","shine"
"2307","shitcoins"
"2308","shopfloors"
"2309","shopifylayoffs"
"2310","shoppingara"
"2311","shortcut"
"2312","shortcutsfree"
"2313","shot"
"2314","shssunvalley"
"2315","sickens"
"2316","sidrabatoolthink"
"2317","sigma"
"2318","signature"
"2319","signcampocators"
"2320","signgalileos"
"2321","signifylearningacademy"
"2322","signzooming"
"2323","silceics"
"2324","simplest"
"2325","simply"
"2326","simulations"
"2327","sinceworking"
"2328","singaporemath"
"2329","singer"
"2330","singing"
"2331","singup"
"2332","situations"
"2333","situationstudied"
"2334","skillbuilding"
"2335","skillcourse"
"2336","skilled"
"2337","skilledarea"
"2338","skilleducation"
"2339","skillful"
"2340","skilllync"
"2341","skillscoronavirus"
"2342","skillscourse"
"2343","skillsetdata"
"2344","skillsetonline"
"2345","skillshare"
"2346","skillsharego"
"2347","skillsstar"
"2348","skillup"
"2349","skincare"
"2350","skincarehaul"
"2351","skincaretips"
"2352","sliding"
"2353","slooh"
"2354","slot"
"2355","smartdailyreview"
"2356","smarter"
"2357","smartskillup"
"2358","smartskilluptechskills"
"2359","smell"
"2360","snack"
"2361","snackprompt"
"2362","snetworkinginternet"
"2363","socialcare"
"2364","socialjustice"
"2365","socialmedia"
"2366","socialteachings"
"2367","socialwork"
"2368","soft"
"2369","softwaredevelopment"
"2370","softwaretraining"
"2371","softwaretraininginstituteinhyderabad"
"2372","soldiers"
"2373","solutionform"
"2374","solutionsearching"
"2375","solving"
"2376","somethingfeel"
"2377","somethingsfishy"
"2378","sonal"
"2379","songsinformal"
"2380","songwritersbeginner"
"2381","songwritingfree"
"2382","sorchatrainedinglobal"
"2383","sorolla"
"2384","soul"
"2385","sounds"
"2386","source"
"2387","south"
"2388","spain"
"2389","spanishspeaking"
"2390","spare"
"2391","spark"
"2392","speakerfree"
"2393","speakerlearning"
"2394","specialization"
"2395","specialized"
"2396","specialty"
"2397","species"
"2398","specific"
"2399","speech"
"2400","spirit"
"2401","splunk"
"2402","spokespersonfree"
"2403","sports"
"2404","spot"
"2405","spreads"
"2406","springintolearning"
"2407","springs"
"2408","springterm"
"2409","springtime"
"2410","sprint"
"2411","squirrels"
"2412","sraynereducationuom"
"2413","ssce"
"2414","staad"
"2415","stablecoin"
"2416","stack"
"2417","staff"
"2418","staffregionsphilippines"
"2419","stafftraining"
"2420","stage"
"2421","stairstanksfree"
"2422","staked"
"2423","stamp"
"2424","standing"
"2425","standinghelp"
"2426","stanfordcodeinplace"
"2427","star"
"2428","starssimple"
"2429","startedonline"
"2430","startedrecommend"
"2431","starter"
"2432","startspm"
"2433","startupfree"
"2434","startupstartupfree"
"2435","stated"
"2436","statements"
"2437","station"
"2438","stayahead"
"2439","stayconnected"
"2440","stcenturylearning"
"2441","steer"
"2442","stemeducation"
"2443","steps"
"2444","stolen"
"2445","storage"
"2446","storieoftheday"
"2447","storiescats"
"2448","storybbmp"
"2449","storybbmpnonprofit"
"2450","storyteller"
"2451","storytime"
"2452","storytimes"
"2453","strategic"
"2454","strategism"
"2455","strategisminc"
"2456","strategyemail"
"2457","streamline"
"2458","streamlit"
"2459","streamsmonetizing"
"2460","strengths"
"2461","stresses"
"2462","stressfree"
"2463","stressfreekids"
"2464","stressworklife"
"2465","stretch"
"2466","strict"
"2467","stridelearn"
"2468","strike"
"2469","strivebetter"
"2470","strong"
"2471","stronger"
"2472","strongeremail"
"2473","strongly"
"2474","struggle"
"2475","studentlife"
"2476","studentnests"
"2477","studentscommunity"
"2478","studentsfinish"
"2479","studentsfree"
"2480","studentsparents"
"2481","studentstaking"
"2482","studentsupport"
"2483","studenttips"
"2484","studyenglish"
"2485","studyexpertregister"
"2486","studyhabits"
"2487","studyineurope"
"2488","studysmart"
"2489","studytip"
"2490","style"
"2491","subjectsecond"
"2492","subscription"
"2493","subtract"
"2494","successfully"
"2495","successhigher"
"2496","successlearners"
"2497","successwelldesigned"
"2498","sudo"
"2499","suffer"
"2500","suggest"
"2501","suggestedstudents"
"2502","suggests"
"2503","suitedorganization"
"2504","summeractivities"
"2505","summerflexibility"
"2506","summerschool"
"2507","summersforkids"
"2508","summertime"
"2509","sunday"
"2510","sundaymorning"
"2511","superpowers"
"2512","supervisor"
"2513","supplements"
"2514","supported"
"2515","supportfree"
"2516","supporting"
"2517","supportive"
"2518","supportlocalbusiness"
"2519","surveyors"
"2520","suzanne"
"2521","swiftui"
"2522","swing"
"2523","switchextension"
"2524","syllabus"
"2525","syllabuses"
"2526","syllabusmanagement"
"2527","symmonds"
"2528","sysops"
"2529","systemlearning"
"2530","systemneeds"
"2531","systems"
"2532","tabeer"
"2533","tabeerzakir"
"2534","tablet"
"2535","tactics"
"2536","tacticsfound"
"2537","takeaways"
"2538","takebeginner"
"2539","takingkeyboardcomments"
"2540","talented"
"2541","talking"
"2542","talks"
"2543","talkwait"
"2544","tammyneidpleasuredougdenance"
"2545","targeted"
"2546","task"
"2547","tasks"
"2548","tasksonlinelearning"
"2549","taught"
"2550","taylorinstituteamazing"
"2551","teachbenefits"
"2552","teachercpd"
"2553","teachereducation"
"2554","teacherlink"
"2555","teachershard"
"2556","teachersknowledge"
"2557","teacherslife"
"2558","teacherslike"
"2559","teachersmatter"
"2560","teachersoftwitter"
"2561","teacherstools"
"2562","teaches"
"2563","teachinggt"
"2564","teachingsupport"
"2565","teachonline"
"2566","teachyourpassion"
"2567","teamedcengage"
"2568","teamfuture"
"2569","techbusinesstips"
"2570","techcommunity"
"2571","techdevacademy"
"2572","techeducation"
"2573","techfree"
"2574","technews"
"2575","technicians"
"2576","techniquefree"
"2577","techno"
"2578","technol"
"2579","technological"
"2580","technologiesfree"
"2581","technologiesonline"
"2582","techworkshops"
"2583","teens"
"2584","telecommunicationspolicy"
"2585","telecommuting"
"2586","teleconferencing"
"2587","telegram"
"2588","telenet"
"2589","tellchose"
"2590","templefree"
"2591","tendencias"
"2592","terraform"
"2593","testers"
"2594","testimonial"
"2595","testing"
"2596","testprep"
"2597","tevans"
"2598","texas"
"2599","textadobecaptivate"
"2600","textbook"
"2601","textileart"
"2602","textiledesign"
"2603","texture"
"2604","texturing"
"2605","tgif"
"2606","thankgivingopportunity"
"2607","thankraising"
"2608","thankswonderful"
"2609","thebalafamily"
"2610","thebinaschoolwait"
"2611","theme"
"2612","theoelc"
"2613","theology"
"2614","theorem"
"2615","theoremconversemidpoint"
"2616","therapyblog"
"2617","therealworldhq"
"2618","therenza"
"2619","thesis"
"2620","thingsfrustrating"
"2621","thingstart"
"2622","thinkbenefits"
"2623","thiughtfortheday"
"2624","thoughtoftheday"
"2625","thousandsdaily"
"2626","thursdayth"
"2627","thutokematla"
"2628","thvgma"
"2629","ticketholder"
"2630","ticketholderm"
"2631","ticketsinfo"
"2632","tiktokmalaysia"
"2633","timedorris"
"2634","timeefficiency"
"2635","timemanagement"
"2636","timetable"
"2637","timing"
"2638","timothyeaster"
"2639","tipsforyou"
"2640","tiptuesday"
"2641","title"
"2642","tmall"
"2643","todayexploring"
"2644","todayfree"
"2645","todaynational"
"2646","todaypm"
"2647","toes"
"2648","toggle"
"2649","tomcat"
"2650","tomkuhlmann"
"2651","tomorrowfree"
"2652","tonyconsults"
"2653","toolkit"
"2654","toolstudents"
"2655","topicrecent"
"2656","topperforming"
"2657","toronto"
"2658","total"
"2659","touch"
"2660","touchexperts"
"2661","tovuti"
"2662","toxicology"
"2663","toyreview"
"2664","tracerfree"
"2665","track"
"2666","trader"
"2667","traffic"
"2668","trainably"
"2669","trainedins"
"2670","trainerfree"
"2671","trainers"
"2672","traininganddevelopment"
"2673","traininginfluence"
"2674","trainingspecialeducators"
"2675","trainsmart"
"2676","transcriptionfree"
"2677","transformationalteaching"
"2678","transformative"
"2679","transformteach"
"2680","transported"
"2681","travelkid"
"2682","treble"
"2683","tree"
"2684","trendingnow"
"2685","trends"
"2686","trickfree"
"2687","triggers"
"2688","trigonometry"
"2689","trip"
"2690","triviathursday"
"2691","trojan"
"2692","trol"
"2693","trustandbelievedlsu"
"2694","ts"
"2695","tsbeducation"
"2696","tuesdayvibe"
"2697","tumble"
"2698","tunedupdates"
"2699","turbine"
"2700","turnwant"
"2701","tutorial"
"2702","tutorials"
"2703","tutorsexcitingsession"
"2704","tvfree"
"2705","tweetbot"
"2706","tweetfleet"
"2707","tweetme"
"2708","tweetshiftbot"
"2709","twitch"
"2710","twominute"
"2711","tycoonstory"
"2712","tycoonstoryco"
"2713","type"
"2714","typefree"
"2715","typical"
"2716","typically"
"2717","uaecadfree"
"2718","ubcs"
"2719","ubuntufree"
"2720","ucalgary"
"2721","ucalgarypdac"
"2722","ucalgaryti"
"2723","udemycoupon"
"2724","udemycoupons"
"2725","udemycourse"
"2726","udemycourses"
"2727","udemydeals"
"2728","udemyfree"
"2729","udemyfreecoupons"
"2730","udemyinstructor"
"2731","udemyinstructors"
"2732","uidesigner"
"2733","uile"
"2734","uiuxdesigner"
"2735","ukaccreditation"
"2736","ukraine"
"2737","ultrafast"
"2738","uncover"
"2739","unforgettable"
"2740","unitesacademy"
"2741","unitesacademys"
"2742","universal"
"2743","universes"
"2744","universityofwisconsin"
"2745","universitys"
"2746","univoeducation"
"2747","unleash"
"2748","unlimited"
"2749","unlocked"
"2750","unscripted"
"2751","unsplashfree"
"2752","uoldigitalknowonlinecourses"
"2753","uopeople"
"2754","update"
"2755","updated"
"2756","updatedsfree"
"2757","upgra"
"2758","upgrad"
"2759","upgradeyourskills"
"2760","uplift"
"2761","upnorth"
"2762","upskillist"
"2763","urdulanguage"
"2764","usage"
"2765","usando"
"2766","uselandapay"
"2767","userdefined"
"2768","userexperience"
"2769","usersonlinelearning"
"2770","usinformation"
"2771","utilizes"
"2772","utilizing"
"2773","uwextendedcampus"
"2774","uxdesigner"
"2775","valiant"
"2776","values"
"2777","valuesworks"
"2778","vcpdtm"
"2779","vehicles"
"2780","verified"
"2781","veteran"
"2782","vfxcourse"
"2783","vibe"
"2784","vice"
"2785","videobased"
"2786","videoconferencing"
"2787","videocoursemarketing"
"2788","videofree"
"2789","videogoing"
"2790","videolearnmidpoint"
"2791","videomeeting"
"2792","videoproductionwebinar"
"2793","videoviral"
"2794","videowork"
"2795","videoworkspeechless"
"2796","vigilearn"
"2797","vigilearnlooking"
"2798","vignare"
"2799","villa"
"2800","villages"
"2801","vintageviewwine"
"2802","violin"
"2803","virality"
"2804","viralvideo"
"2805","viridiana"
"2806","virtualcamps"
"2807","virtualconference"
"2808","virtuallessons"
"2809","virtualschool"
"2810","virtualsummercamp"
"2811","virtualtraining"
"2812","virtualtutoring"
"2813","visithome"
"2814","visitors"
"2815","visn"
"2816","visualizationplenty"
"2817","visually"
"2818","viswaonlinetrainings"
"2819","vitamin"
"2820","vitaminsupplements"
"2821","vitbhopal"
"2822","vladimir"
"2823","vmware"
"2824","vocabulary"
"2825","voiced"
"2826","voiceover"
"2827","volunteers"
"2828","voucheritil"
"2829","vr"
"2830","vtfoundation"
"2831","vuforia"
"2832","vyond"
"2833","waitlist"
"2834","waitlistopen"
"2835","wajooba"
"2836","walk"
"2837","wall"
"2838","wallet"
"2839","wantcrowned"
"2840","warehouse"
"2841","wars"
"2842","waste"
"2843","wateroffice"
"2844","watson"
"2845","wave"
"2846","weaponheard"
"2847","wearred"
"2848","weather"
"2849","weavingcommunity"
"2850","webapp"
"2851","webdesigner"
"2852","webinars"
"2853","webinarstake"
"2854","webinarsteps"
"2855","websiteeducation"
"2856","webtechnologies"
"2857","weekends"
"2858","weekkeystone"
"2859","welcomemay"
"2860","wellchallenges"
"2861","wellprepared"
"2862","wellrounded"
"2863","west"
"2864","whiz"
"2865","widgets"
"2866","widgetsfree"
"2867","willpower"
"2868","winder"
"2869","wine"
"2870","winning"
"2871","winter"
"2872","withstand"
"2873","wizardclient"
"2874","wizzy"
"2875","wolfrayet"
"2876","womenfree"
"2877","wondered"
"2878","wordoftheday"
"2879","workbooksperfect"
"2880","worker"
"2881","workflow"
"2882","workfromhome"
"2883","workhq"
"2884","worklifebalance"
"2885","workplace"
"2886","workplacesafety"
"2887","worksheetvideo"
"2888","workshopfree"
"2889","workshopresident"
"2890","workspace"
"2891","workspacesfree"
"2892","worldathleticsday"
"2893","worldbuilding"
"2894","worldmother"
"2895","worried"
"2896","worryright"
"2897","worryve"
"2898","wpeers"
"2899","wrappedhcsflex"
"2900","wrights"
"2901","writingfree"
"2902","wweraw"
"2903","wwwsangeetmaychinmaycom"
"2904","xinrenindia"
"2905","yaml"
"2906","yarimaabdou"
"2907","yarnlove"
"2908","yaymaker"
"2909","yearfull"
"2910","yo"
"2911","yoda"
"2912","yodamuppets"
"2913","yogayoga"
"2914","youth"
"2915","youthskillsdevelopment"
"2916","youtubeshorts"
"2917","zcjohnston"
"2918","zfree"
"2919","ziga"
"2920","zipprr"
"2921","zootastic"
"2922","zora"
"2923","zybooks"
"2924","aais"
"2925","ablation"
"2926","absolute"
"2927","academicsupport"
"2928","academicwriting"
"2929","academicwritings"
"2930","academys"
"2931","accepting"
"2932","accomplishments"
"2933","account"
"2934","accountwithheld"
"2935","achieving"
"2936","adamdoingtech"
"2937","added"
"2938","adeus"
"2939","administrative"
"2940","advancedfull"
"2941","advancement"
"2942","affordableeducation"
"2943","african"
"2944","agari"
"2945","aheadcurve"
"2946","aheadembarkprofessional"
"2947","aiscanada"
"2948","algorithms"
"2949","allowcomplete"
"2950","allowing"
"2951","analystfree"
"2952","android"
"2953","angelvalarezo"
"2954","answerscomments"
"2955","answersquestions"
"2956","anxiety"
"2957","anylogistix"
"2958","applications"
"2959","applied"
"2960","approachfree"
"2961","apps"
"2962","april"
"2963","archfree"
"2964","architectural"
"2965","architecturefree"
"2966","aromatherapy"
"2967","articleshouldnstudy"
"2968","artificialintelligence"
"2969","artists"
"2970","askedvisn"
"2971","assign"
"2972","assignmenthelpireland"
"2973","assistantfree"
"2974","associatefree"
"2975","athabascaugame"
"2976","atlanta"
"2977","atlantavirtualstill"
"2978","audience"
"2979","auditor"
"2980","authoring"
"2981","autocad"
"2982","autocadbasics"
"2983","avail"
"2984","baaghitvs"
"2985","backerssupported"
"2986","bank"
"2987","barry"
"2988","basrainstitute"
"2989","bbmprogramdcsuccess"
"2990","bcms"
"2991","beginnerfree"
"2992","benefitsfree"
"2993","bestass"
"2994","bestclass"
"2995","bestessayswriters"
"2996","beta"
"2997","birds"
"2998","black"
"2999","blackboard"
"3000","blended"
"3001","blessing"
"3002","board"
"3003","bookingssignifycoza"
"3004","books"
"3005","boosting"
"3006","bootcamps"
"3007","bootstrapfree"
"3008","bosch"
"3009","brain"
"3010","brainteaser"
"3011","breakfast"
"3012","breaks"
"3013","breathtaking"
"3014","bridge"
"3015","brighten"
"3016","bring"
"3017","bringbest"
"3018","british"
"3019","btech"
"3020","buddhapurnima"
"3021","budget"
"3022","bundle"
"3023","bundlefree"
"3024","businesses"
"3025","businesspart"
"3026","bust"
"3027","busy"
"3028","california"
"3029","calltoaction"
"3030","camilla"
"3031","campaign"
"3032","cannabis"
"3033","canvas"
"3034","captivatepopular"
"3035","careergrowth"
"3036","careerlast"
"3037","carrier"
"3038","cashflow"
"3039","center"
"3040","centos"
"3041","certificateneed"
"3042","cesoup"
"3043","chair"
"3044","challenging"
"3045","chance"
"3046","changer"
"3047","chattingkasi"
"3048","cheap"
"3049","checkgreat"
"3050","checkinnovative"
"3051","chemical"
"3052","childbehavior"
"3053","childrensbooks"
"3054","childs"
"3055","china"
"3056","chiropractors"
"3057","choice"
"3058","chrome"
"3059","chuck"
"3060","cicd"
"3061","circumstances"
"3062","cisco"
"3063","city"
"3064","civil"
"3065","classic"
"3066","classimportance"
"3067","clause"
"3068","client"
"3069","clients"
"3070","climate"
"3071","clinical"
"3072","closekingheart"
"3073","closerfuture"
"3074","club"
"3075","cmaa"
"3076","coaches"
"3077","codinglife"
"3078","collaboration"
"3079","collectiveamazing"
"3080","collegedoors"
"3081","collision"
"3082","comingwednesday"
"3083","comments"
"3084","communicate"
"3085","compilation"
"3086","completely"
"3087","completo"
"3088","computer"
"3089","concept"
"3090","concurrency"
"3091","confessionspractising"
"3092","connection"
"3093","conquer"
"3094","consistent"
"3095","contactinformation"
"3096","control"
"3097","conversation"
"3098","conversion"
"3099","coordinator"
"3100","correct"
"3101","courseaidotco"
"3102","coursesable"
"3103","covers"
"3104","creativitychildfree"
"3105","crime"
"3106","criminal"
"3107","crudsharpmicrosoft"
"3108","csec"
"3109","currenciesfree"
"3110","curso"
"3111","cx"
"3112","cycle"
"3113","datascientist"
"3114","davinci"
"3115","deal"
"3116","debbielesko"
"3117","deeplearning"
"3118","delivery"
"3119","demonstrates"
"3120","dennis"
"3121","dentalassistant"
"3122","dentistry"
"3123","deploymentcommand"
"3124","deposit"
"3125","depression"
"3126","desktops"
"3127","detailed"
"3128","determine"
"3129","developers"
"3130","diary"
"3131","diet"
"3132","differenceelearning"
"3133","difficult"
"3134","digifyafrica"
"3135","digitaltools"
"3136","digitaltransformation"
"3137","diligencelearning"
"3138","directory"
"3139","discussions"
"3140","distanceeducation"
"3141","divide"
"3142","doesnlove"
"3143","doors"
"3144","drama"
"3145","drawings"
"3146","drnoblekkurian"
"3147","earlylearning"
"3148","ebhavishya"
"3149","ebusacademy"
"3150","econometric"
"3151","edcent"
"3152","edclass"
"3153","editing"
"3154","editor"
"3155","edmentumpartnership"
"3156","educ"
"3157","educationforall"
"3158","eduonix"
"3159","electricvehicles"
"3160","electrophysiology"
"3161","embody"
"3162","embryology"
"3163","emergency"
"3164","emission"
"3165","emma"
"3166","employeestools"
"3167","empowering"
"3168","en"
"3169","enablescreate"
"3170","engaged"
"3171","enrol"
"3172","enrollment"
"3173","enrolment"
"3174","environmentfree"
"3175","esginvesting"
"3176","essentialsfree"
"3177","establishedsouth"
"3178","establishing"
"3179","etabs"
"3180","etabsv"
"3181","euromillions"
"3182","event"
"3183","events"
"3184","everyday"
"3185","exampreparation"
"3186","excelbeginners"
"3187","excellence"
"3188","exclusive"
"3189","exist"
"3190","externship"
"3191","extra"
"3192","fabri"
"3193","fail"
"3194","fantastic"
"3195","fear"
"3196","features"
"3197","featuresuccessful"
"3198","feedback"
"3199","feeling"
"3200","fields"
"3201","fight"
"3202","financialassistance"
"3203","financially"
"3204","finding"
"3205","finish"
"3206","focused"
"3207","folder"
"3208","followers"
"3209","foods"
"3210","foodsoul"
"3211","foraging"
"3212","forensics"
"3213","formatdefinitive"
"3214","formatting"
"3215","formula"
"3216","foster"
"3217","foundations"
"3218","foundationsfree"
"3219","fresh"
"3220","friends"
"3221","fuel"
"3222","fundamental"
"3223","fundamentalsfree"
"3224","funfacts"
"3225","furwee"
"3226","gamification"
"3227","generate"
"3228","generous"
"3229","geometry"
"3230","getstartedwchart"
"3231","github"
"3232","givebest"
"3233","givebetter"
"3234","givesense"
"3235","glatutors"
"3236","glue"
"3237","goalsfree"
"3238","goalsfuture"
"3239","graduation"
"3240","gratitude"
"3241","green"
"3242","growlab"
"3243","growthsustainable"
"3244","guesstimates"
"3245","guided"
"3246","guides"
"3247","hacks"
"3248","hampton"
"3249","hear"
"3250","helped"
"3251","helpexams"
"3252","helpsupervise"
"3253","hieronymus"
"3254","highlighted"
"3255","highly"
"3256","hillaryatp"
"3257","hold"
"3258","holereally"
"3259","honored"
"3260","hospital"
"3261","houstonmedicalinstitute"
"3262","huge"
"3263","humanize"
"3264","hunting"
"3265","hygiene"
"3266","ichildnutrition"
"3267","icon"
"3268","idealearning"
"3269","ilrn"
"3270","imagination"
"3271","immediately"
"3272","immersivelrn"
"3273","importantshare"
"3274","included"
"3275","info"
"3276","infoadeptpalcom"
"3277","informative"
"3278","infrastructure"
"3279","iniciantes"
"3280","input"
"3281","insightformal"
"3282","instagood"
"3283","install"
"3284","intermediate"
"3285","interpersonal"
"3286","interpreting"
"3287","interviews"
"3288","intokozo"
"3289","invideoreal"
"3290","islamicgloballink"
"3291","ismart"
"3292","issues"
"3293","jackpot"
"3294","jamie"
"3295","javascriptfree"
"3296","jnashproctorio"
"3297","jnashtalkamazing"
"3298","joining"
"3299","joinlive"
"3300","joint"
"3301","journalism"
"3302","julieschell"
"3303","junior"
"3304","kannada"
"3305","kawaii"
"3306","khan"
"3307","kidsactivities"
"3308","kidstechnology"
"3309","kiflo"
"3310","kindly"
"3311","knittingonline"
"3312","knowcomments"
"3313","knowplatform"
"3314","kubernetes"
"3315","lamp"
"3316","landscape"
"3317","langlys"
"3318","lapse"
"3319","laughter"
"3320","launchingfree"
"3321","launchonline"
"3322","leadershipfree"
"3323","lear"
"3324","learnbylayers"
"3325","learnenglish"
"3326","learner"
"3327","learnerssomething"
"3328","learningathome"
"3329","learningcomprehensive"
"3330","learningfree"
"3331","learningnimbus"
"3332","learningplatform"
"3333","learningsecond"
"3334","learnstudy"
"3335","learntocode"
"3336","lectures"
"3337","lemonade"
"3338","lessonfree"
"3339","letsoara"
"3340","levelsbrain"
"3341","levelskillscertified"
"3342","library"
"3343","lidar"
"3344","lifefree"
"3345","lifelonglearning"
"3346","lightpandemic"
"3347","lindafreeman"
"3348","linkinbio"
"3349","lionpride"
"3350","listen"
"3351","listening"
"3352","listenjnashwa"
"3353","liveclasses"
"3354","livestream"
"3355","lockdowns"
"3356","logistics"
"3357","lookthings"
"3358","lovers"
"3359","lpez"
"3360","lucky"
"3361","lunareclipse"
"3362","maestrosis"
"3363","magazine"
"3364","maintenance"
"3365","marketingfree"
"3366","marketingultimate"
"3367","masteryimrise"
"3368","mathematics"
"3369","matter"
"3370","mayas"
"3371","mdicertified"
"3372","meaningful"
"3373","measure"
"3374","measurement"
"3375","medicalassistant"
"3376","medicoll"
"3377","meeting"
"3378","meetings"
"3379","memories"
"3380","mentalhealth"
"3381","mentalhealthawarenessmonth"
"3382","mentor"
"3383","merchandise"
"3384","metaverseworld"
"3385","methodsnet"
"3386","mikefree"
"3387","million"
"3388","mindsetlean"
"3389","minsfree"
"3390","missions"
"3391","mitxcourses"
"3392","moduleslive"
"3393","momlife"
"3394","momstyle"
"3395","monday"
"3396","mood"
"3397","moodle"
"3398","mothersday"
"3399","motivate"
"3400","motivateachieve"
"3401","motivated"
"3402","multithreading"
"3403","muslim"
"3404","narc"
"3405","naveenlooking"
"3406","nestingsuccess"
"3407","networkmarketing"
"3408","nexttrainio"
"3409","nginx"
"3410","noodleeducation"
"3411","norris"
"3412","notepreschool"
"3413","nurseaide"
"3414","objects"
"3415","offereduniversityleeds"
"3416","offerschildren"
"3417","office"
"3418","oklahoma"
"3419","onlineaccredited"
"3420","onlinelearni"
"3421","onlinelessons"
"3422","onlinemasters"
"3423","onlinemba"
"3424","onlineschooling"
"3425","onlineservice"
"3426","onlineshopping"
"3427","onlinesimple"
"3428","optimization"
"3429","organization"
"3430","organizationfree"
"3431","orivesolutions"
"3432","outdated"
"3433","pace"
"3434","packagesfree"
"3435","packed"
"3436","packfree"
"3437","packs"
"3438","pacwest"
"3439","page"
"3440","pageupdated"
"3441","parentingtips"
"3442","paris"
"3443","partnering"
"3444","partnership"
"3445","pascal"
"3446","passiveincome"
"3447","paywriting"
"3448","pcep"
"3449","peace"
"3450","peak"
"3451","pembrokepublish"
"3452","personalised"
"3453","personalize"
"3454","personalteam"
"3455","phlebotomy"
"3456","phone"
"3457","photography"
"3458","planning"
"3459","platformsecure"
"3460","podcastchecklatest"
"3461","portals"
"3462","portfolio"
"3463","positive"
"3464","posts"
"3465","powershellfree"
"3466","pranashanti"
"3467","preparationswell"
"3468","prepare"
"3469","price"
"3470","primavera"
"3471","primer"
"3472","principles"
"3473","problemsolving"
"3474","proceso"
"3475","process"
"3476","productive"
"3477","productivityfocusbox"
"3478","products"
"3479","professionaldevelopment"
"3480","professorslooking"
"3481","programmer"
"3482","programmingskills"
"3483","projectcareersuccessstory"
"3484","promise"
"3485","prunderground"
"3486","psollovesteachers"
"3487","psychologicalsafety"
"3488","psychology"
"3489","publish"
"3490","purdue"
"3491","purduebusiness"
"3492","pursue"
"3493","push"
"3494","qualityeducation"
"3495","queen"
"3496","questionoftheday"
"3497","quizzes"
"3498","rate"
"3499","readbringing"
"3500","reason"
"3501","receivedfunding"
"3502","recently"
"3503","recommend"
"3504","relations"
"3505","remot"
"3506","remotely"
"3507","remotetracking"
"3508","repdlesko"
"3509","report"
"3510","responselegal"
"3511","responsible"
"3512","results"
"3513","retention"
"3514","reviews"
"3515","riceuniversityd"
"3516","rizwannnasir"
"3517","rladies"
"3518","roadbritish"
"3519","roleproject"
"3520","rubber"
"3521","rules"
"3522","rundownvisn"
"3523","saas"
"3524","safety"
"3525","sandwich"
"3526","scalable"
"3527","scanning"
"3528","schedule"
"3529","schoolfewer"
"3530","schoolsproud"
"3531","scorebettergrades"
"3532","scratch"
"3533","screencast"
"3534","scripting"
"3535","seamless"
"3536","securing"
"3537","seedstars"
"3538","seeking"
"3539","sensorfree"
"3540","serotonin"
"3541","serverfree"
"3542","shape"
"3543","shopuk"
"3544","shorting"
"3545","signing"
"3546","signs"
"3547","single"
"3548","siobhn"
"3549","siobhnmcnamaradatascientist"
"3550","skillbrain"
"3551","skillslikelychildrenwell"
"3552","skillsprofessional"
"3553","sleep"
"3554","smart"
"3555","soar"
"3556","solidworks"
"3557","solomonpersistence"
"3558","spacetravel"
"3559","specialists"
"3560","speechfree"
"3561","speed"
"3562","spine"
"3563","spoken"
"3564","sponsordisrupthr"
"3565","sponsoring"
"3566","sprout"
"3567","square"
"3568","stackfree"
"3569","stars"
"3570","starshappenfell"
"3571","startedright"
"3572","statementsfree"
"3573","static"
"3574","stem"
"3575","stockinstructor"
"3576","stop"
"3577","storyinspireapply"
"3578","straight"
"3579","strategy"
"3580","strengthinternational"
"3581","stress"
"3582","studentsindividualsstruggling"
"3583","studentsoverviewcriminal"
"3584","subjects"
"3585","submission"
"3586","successionprecisereality"
"3587","summerfun"
"3588","sunburned"
"3589","sunny"
"3590","suntastic"
"3591","sustainability"
"3592","swift"
"3593","systemfree"
"3594","table"
"3595","tackle"
"3596","tacticfree"
"3597","takesbeginner"
"3598","talk"
"3599","teacherappreciation"
"3600","teacherdomain"
"3601","teams"
"3602","techishiri"
"3603","techishiring"
"3604","technics"
"3605","technologydriven"
"3606","tellmake"
"3607","tend"
"3608","term"
"3609","textile"
"3610","thanktrusting"
"3611","theklagazette"
"3612","therapy"
"3613","thingsfree"
"3614","thisismyurl"
"3615","thread"
"3616","thrive"
"3617","thronealways"
"3618","tiigsitech"
"3619","tillieelvrum"
"3620","timrice"
"3621","tipsteam"
"3622","tired"
"3623","token"
"3624","toolsfree"
"3625","tough"
"3626","tperezamaral"
"3627","tracksuccessful"
"3628","train"
"3629","trainertraining"
"3630","trainings"
"3631","transform"
"3632","translation"
"3633","tremendous"
"3634","trending"
"3635","trust"
"3636","tues"
"3637","tuitionassistance"
"3638","tulane"
"3639","tunes"
"3640","tutoringservices"
"3641","types"
"3642","ubuntu"
"3643","uiux"
"3644","uiuxdesign"
"3645","umos"
"3646","unboxing"
"3647","undergraduate"
"3648","underwaycrowningmajesties"
"3649","unequal"
"3650","unitedkingdom"
"3651","unity"
"3652","unlocking"
"3653","unravel"
"3654","uodmedicinelecturerdevelop"
"3655","upliftmichigan"
"3656","upskilling"
"3657","upwork"
"3658","users"
"3659","uxdesign"
"3660","variety"
"3661","videoonline"
"3662","viral"
"3663","virtualclasses"
"3664","virtualclassroom"
"3665","vrlearning"
"3666","websites"
"3667","weekendfun"
"3668","wellbeingcourses"
"3669","whatsapp"
"3670","wide"
"3671","wizard"
"3672","wizardselfpaced"
"3673","workadventure"
"3674","workfree"
"3675","worlds"
"3676","zbrush"
"3677","academictwitter"
"3678","academiesrelevant"
"3679","accidental"
"3680","action"
"3681","active"
"3682","activity"
"3683","adapting"
"3684","addition"
"3685","adjustment"
"3686","aheadgame"
"3687","allergens"
"3688","analysisfree"
"3689","analysisspecialization"
"3690","anywheretime"
"3691","apsupdatesmicrosoft"
"3692","artwork"
"3693","aspiring"
"3694","assignments"
"3695","atafom"
"3696","autogpt"
"3697","avainspires"
"3698","banks"
"3699","batches"
"3700","beautiful"
"3701","beginning"
"3702","biohack"
"3703","bitcoinevery"
"3704","blendedlearning"
"3705","broaden"
"3706","brushesfree"
"3707","buildingfree"
"3708","businessmaster"
"3709","calling"
"3710","cameras"
"3711","camp"
"3712","catch"
"3713","catholiceducation"
"3714","catholicsocialt"
"3715","characters"
"3716","charles"
"3717","checkcoauthored"
"3718","checkrecently"
"3719","checkstunning"
"3720","chestertonacademy"
"3721","chestertonsilc"
"3722","classesaipowered"
"3723","classfree"
"3724","clickgiven"
"3725","codeinplace"
"3726","collegelife"
"3727","communities"
"3728","companyfree"
"3729","conference"
"3730","continued"
"3731","coronation"
"3732","coworkers"
"3733","crack"
"3734","createdtalented"
"3735","crisis"
"3736","crosscontact"
"3737","curious"
"3738","customers"
"3739","cuttingedge"
"3740","datafree"
"3741","deliver"
"3742","demands"
"3743","demo"
"3744","designing"
"3745","digitalchalk"
"3746","discuss"
"3747","django"
"3748","dl"
"3749","download"
"3750","drabc"
"3751","dream"
"3752","dreams"
"3753","drive"
"3754","ease"
"3755","edchat"
"3756","edtechchat"
"3757","educationmatters"
"3758","educator"
"3759","edurekain"
"3760","effects"
"3761","encourage"
"3762","energy"
"3763","engage"
"3764","ensure"
"3765","entered"
"3766","entrepreneurship"
"3767","environment"
"3768","environments"
"3769","epeeps"
"3770","episodepodcast"
"3771","equation"
"3772","esdc"
"3773","essays"
"3774","europe"
"3775","evensleepfree"
"3776","everyonefree"
"3777","exciting"
"3778","explode"
"3779","explorelatest"
"3780","extension"
"3781","fastpaced"
"3782","field"
"3783","figure"
"3784","figures"
"3785","file"
"3786","findspringtimetranslated"
"3787","fingerspelling"
"3788","fire"
"3789","flex"
"3790","floor"
"3791","forecasting"
"3792","forklift"
"3793","fourth"
"3794","freelancing"
"3795","frontend"
"3796","fulltime"
"3797","functions"
"3798","funny"
"3799","galileo"
"3800","garden"
"3801","globallinkeducation"
"3802","goodbye"
"3803","grab"
"3804","graduate"
"3805","graphics"
"3806","greenways"
"3807","guess"
"3808","guitar"
"3809","habits"
"3810","hand"
"3811","hariterbukaoum"
"3812","hearts"
"3813","heights"
"3814","hire"
"3815","hour"
"3816","houses"
"3817","hybridlearning"
"3818","icmsp"
"3819","ideas"
"3820","idiom"
"3821","illustration"
"3822","impact"
"3823","including"
"3824","independent"
"3825","industry"
"3826","infocharthealthcareacademycom"
"3827","inspire"
"3828","instagram"
"3829","instantly"
"3830","institutionreceive"
"3831","international"
"3832","interviewfree"
"3833","interviewing"
"3834","introductory"
"3835","javafree"
"3836","jobs"
"3837","joinfree"
"3838","jonathanfound"
"3839","kalyani"
"3840","kiitintschool"
"3841","king"
"3842","kwikl"
"3843","kyoto"
"3844","larryreads"
"3845","leader"
"3846","leaders"
"3847","learnaquire"
"3848","learnbylayersd"
"3849","learndeveloping"
"3850","learninganddevelopment"
"3851","learntechukuswait"
"3852","lesson"
"3853","leverage"
"3854","libs"
"3855","liftfilm"
"3856","linode"
"3857","list"
"3858","listenjnashwalk"
"3859","littvay"
"3860","living"
"3861","login"
"3862","longterm"
"3863","loss"
"3864","ltuk"
"3865","luck"
"3866","main"
"3867","manager"
"3868","matters"
"3869","maximize"
"3870","mbitheology"
"3871","meaning"
"3872","membership"
"3873","menu"
"3874","metaverseultimate"
"3875","mindfulness"
"3876","modeling"
"3877","modules"
"3878","mondaymotivation"
"3879","moneyphone"
"3880","mothers"
"3881","moving"
"3882","multiple"
"3883","musical"
"3884","natural"
"3885","networking"
"3886","neuroplasticity"
"3887","newtumsolutions"
"3888","nurture"
"3889","offered"
"3890","olctoday"
"3891","onlinecoaching"
"3892","onlinedegree"
"3893","onlinetutoring"
"3894","opti"
"3895","oracle"
"3896","oumopenday"
"3897","pack"
"3898","pakistan"
"3899","passion"
"3900","paygoal"
"3901","paywritingessaydue"
"3902","peer"
"3903","perfectwriters"
"3904","personchoose"
"3905","phase"
"3906","phrase"
"3907","pirate"
"3908","plans"
"3909","play"
"3910","pleas"
"3911","plumbing"
"3912","poly"
"3913","practitioner"
"3914","premier"
"3915","premiere"
"3916","premium"
"3917","preparing"
"3918","primaryschool"
"3919","primewriters"
"3920","procedures"
"3921","productivity"
"3922","productivityfree"
"3923","professor"
"3924","profitable"
"3925","projectcareeruk"
"3926","providing"
"3927","publicschools"
"3928","purpose"
"3929","qs"
"3930","quotes"
"3931","quran"
"3932","range"
"3933","rank"
"3934","reconnect"
"3935","recordingsoneone"
"3936","reels"
"3937","reference"
"3938","related"
"3939","relaxing"
"3940","relevant"
"3941","remember"
"3942","resume"
"3943","retrieving"
"3944","revolutionize"
"3945","rice"
"3946","rise"
"3947","risk"
"3948","routine"
"3949","royal"
"3950","sanitary"
"3951","scenarios"
"3952","sculpture"
"3953","search"
"3954","season"
"3955","section"
"3956","selection"
"3957","seminar"
"3958","sending"
"3959","sensors"
"3960","sequence"
"3961","series"
"3962","servicing"
"3963","serving"
"3964","sessi"
"3965","setup"
"3966","shalewa"
"3967","short"
"3968","skillsdive"
"3969","solve"
"3970","space"
"3971","special"
"3972","specialist"
"3973","sponsored"
"3974","stanfordcodeip"
"3975","stanfordonlinethink"
"3976","starwarsday"
"3977","stopthehatebook"
"3978","stream"
"3979","structure"
"3980","studentnest"
"3981","studentsrecent"
"3982","studies"
"3983","studying"
"3984","studymotivation"
"3985","studyonline"
"3986","studytips"
"3987","subject"
"3988","subscribe"
"3989","succeed"
"3990","successfree"
"3991","surprising"
"3992","swag"
"3993","swooningawesome"
"3994","systemzfree"
"3995","tajweed"
"3996","takes"
"3997","talent"
"3998","technologies"
"3999","templates"
"4000","textilecourses"
"4001","themes"
"4002","thinkknow"
"4003","thrilled"
"4004","thriving"
"4005","times"
"4006","tonightet"
"4007","torreytrust"
"4008","trading"
"4009","transcriptome"
"4010","transfer"
"4011","trendingaudio"
"4012","tsqlfree"
"4013","tune"
"4014","tuned"
"4015","twitter"
"4016","uketa"
"4017","unique"
"4018","univo"
"4019","uoeonline"
"4020","upskill"
"4021","vendor"
"4022","vivaep"
"4023","vocal"
"4024","voice"
"4025","waiting"
"4026","wednesday"
"4027","weight"
"4028","whethercareermarketing"
"4029","women"
"4030","workers"
"4031","workshops"
"4032","worth"
"4033","yarndyedfabric"
"4034","administration"
"4035","adorable"
"4036","advance"
"4037","advice"
"4038","affairs"
"4039","allison"
"4040","allpile"
"4041","american"
"4042","analyst"
"4043","analytics"
"4044","apache"
"4045","artificial"
"4046","arts"
"4047","assessment"
"4048","assist"
"4049","associates"
"4050","authors"
"4051","automation"
"4052","avoiding"
"4053","based"
"4054","beams"
"4055","begin"
"4056","behavior"
"4057","beyonddasunrise"
"4058","bimbel"
"4059","birthday"
"4060","bitcoin"
"4061","boosts"
"4062","bootcampfree"
"4063","bootstrap"
"4064","bord"
"4065","buddies"
"4066","camera"
"4067","canvasbyinst"
"4068","catholic"
"4069","centre"
"4070","certifications"
"4071","charge"
"4072","chart"
"4073","charter"
"4074","chat"
"4075","chatbots"
"4076","chatgptcomplete"
"4077","chatgptpowered"
"4078","clicking"
"4079","closes"
"4080","collegecred"
"4081","color"
"4082","comment"
"4083","compatible"
"4084","conception"
"4085","conducting"
"4086","convenience"
"4087","convenient"
"4088","core"
"4089","created"
"4090","creating"
"4091","curriculum"
"4092","datascience"
"4093","days"
"4094","deep"
"4095","deflectionfree"
"4096","dentist"
"4097","derek"
"4098","developing"
"4099","developmentfree"
"4100","devops"
"4101","digitalelevationmodel"
"4102","diploma"
"4103","diveworld"
"4104","drawing"
"4105","drop"
"4106","easier"
"4107","east"
"4108","ebooks"
"4109","efficient"
"4110","elevate"
"4111","employers"
"4112","engineersacademy"
"4113","entire"
"4114","episodeexumbris"
"4115","examplesfree"
"4116","excellencefree"
"4117","excelolevel"
"4118","exploration"
"4119","facebook"
"4120","fast"
"4121","favorite"
"4122","feature"
"4123","feel"
"4124","film"
"4125","flask"
"4126","flexibility"
"4127","focus"
"4128","food"
"4129","format"
"4130","freecourse"
"4131","gaining"
"4132","games"
"4133","generation"
"4134","gk"
"4135","grades"
"4136","groupe"
"4137","guidance"
"4138","hackinginternship"
"4139","hafkids"
"4140","helping"
"4141","hero"
"4142","highereducation"
"4143","homeworkguru"
"4144","hope"
"4145","human"
"4146","idioms"
"4147","immersive"
"4148","improving"
"4149","indias"
"4150","individual"
"4151","individuals"
"4152","indonesia"
"4153","innovation"
"4154","insights"
"4155","instructional"
"4156","intelligence"
"4157","investment"
"4158","islamic"
"4159","joined"
"4160","labs"
"4161","lastcall"
"4162","layersfree"
"4163","learnathome"
"4164","learned"
"4165","learnfly"
"4166","learningonline"
"4167","leaving"
"4168","lightroom"
"4169","lives"
"4170","market"
"4171","minister"
"4172","mobile"
"4173","morning"
"4174","mrskklookingtraining"
"4175","muchcost"
"4176","navigation"
"4177","newtum"
"4178","nimbuslearning"
"4179","obrien"
"4180","offering"
"4181","olearn"
"4182","olearncourses"
"4183","onlinecourse"
"4184","onlineearning"
"4185","onlinemarketing"
"4186","openuniversitymalaysia"
"4187","owner"
"4188","pandemic"
"4189","patterns"
"4190","person"
"4191","plan"
"4192","podcastcheckdiscussionpsalms"
"4193","popular"
"4194","portal"
"4195","postgraduate"
"4196","powell"
"4197","powernotesapp"
"4198","powershell"
"4199","practicalfree"
"4200","processing"
"4201","programme"
"4202","pspo"
"4203","pt"
"4204","quality"
"4205","question"
"4206","questionsfree"
"4207","quickly"
"4208","radioactive"
"4209","rcpsychelearn"
"4210","real"
"4211","realworld"
"4212","require"
"4213","research"
"4214","resou"
"4215","rethinking"
"4216","rigging"
"4217","robot"
"4218","saac"
"4219","sale"
"4220","saveshare"
"4221","scolaire"
"4222","security"
"4223","selfpaced"
"4224","sell"
"4225","sessionstudents"
"4226","singapore"
"4227","site"
"4228","skillsfree"
"4229","slabs"
"4230","softwaredeveloper"
"4231","span"
"4232","spanishebooks"
"4233","speak"
"4234","starting"
"4235","starts"
"4236","stock"
"4237","structurefree"
"4238","sustainable"
"4239","taylor"
"4240","techibytes"
"4241","tekla"
"4242","theatre"
"4243","thousands"
"4244","trainingfree"
"4245","tricks"
"4246","tuesday"
"4247","uk"
"4248","uttaranchal"
"4249","valuable"
"4250","virtualreality"
"4251","vocational"
"4252","wait"
"4253","wondering"
"4254","word"
"4255","words"
"4256","worldclass"
"4257","worldwide"
"4258","zoom"
"4259","adventure"
"4260","affiliate"
"4261","agile"
"4262","ahead"
"4263","answer"
"4264","anytime"
"4265","arduinofree"
"4266","assignmentdue"
"4267","assistant"
"4268","associatetest"
"4269","bbcmaestro"
"4270","blueprintfree"
"4271","businessfree"
"4272","canada"
"4273","celebrate"
"4274","certificate"
"4275","certificates"
"4276","certificationfree"
"4277","changing"
"4278","chatgptfree"
"4279","checklatest"
"4280","checkonline"
"4281","coaching"
"4282","computingfree"
"4283","confidence"
"4284","copywriting"
"4285","creativity"
"4286","critical"
"4287","culture"
"4288","dashboard"
"4289","deadline"
"4290","desktop"
"4291","developer"
"4292","documents"
"4293","dynamic"
"4294","ebook"
"4295","ebookinsects"
"4296","effectively"
"4297","encountered"
"4298","engineer"
"4299","evening"
"4300","examsfree"
"4301","expertise"
"4302","facilities"
"4303","families"
"4304","family"
"4305","follow"
"4306","forward"
"4307","game"
"4308","gamificationworld"
"4309","golf"
"4310","greshamcollege"
"4311","hard"
"4312","homeschooling"
"4313","hours"
"4314","hurry"
"4315","hymprudious"
"4316","idea"
"4317","illnesses"
"4318","insects"
"4319","instruction"
"4320","instructors"
"4321","introducing"
"4322","itrustparents"
"4323","jamb"
"4324","kickstarter"
"4325","landa"
"4326","landapay"
"4327","learningapp"
"4328","learnvisn"
"4329","levelfree"
"4330","machinelearning"
"4331","makes"
"4332","material"
"4333","mentalhealthawareness"
"4334","metaverse"
"4335","modern"
"4336","moment"
"4337","music"
"4338","names"
"4339","nature"
"4340","olevelenglish"
"4341","olevelexams"
"4342","olevelmaths"
"4343","onlinestudy"
"4344","organizational"
"4345","paperpay"
"4346","payassignment"
"4347","pays"
"4348","paysomeonetowrite"
"4349","policy"
"4350","prabhu"
"4351","prabhuwrites"
"4352","presentation"
"4353","print"
"4354","private"
"4355","programmes"
"4356","published"
"4357","quantum"
"4358","registration"
"4359","riddle"
"4360","schoolchoice"
"4361","secure"
"4362","services"
"4363","severe"
"4364","shared"
"4365","simple"
"4366","softwarefree"
"4367","songs"
"4368","songwriting"
"4369","spring"
"4370","startup"
"4371","store"
"4372","stories"
"4373","storytelling"
"4374","studentsuccess"
"4375","styles"
"4376","survey"
"4377","teacherappreciationweek"
"4378","todays"
"4379","topics"
"4380","traditional"
"4381","treating"
"4382","trustedtutors"
"4383","tuition"
"4384","tutoringapp"
"4385","understand"
"4386","utme"
"4387","view"
"4388","virtuallearning"
"4389","weeks"
"4390","weekunderstanding"
"4391","workmental"
"4392","xero"
"4393","accessibility"
"4394","accessible"
"4395","accredited"
"4396","activities"
"4397","admissions"
"4398","amazing"
"4399","application"
"4400","approach"
"4401","basic"
"4402","careerdevelopment"
"4403","celebrating"
"4404","chain"
"4405","chemistry"
"4406","clothing"
"4407","coding"
"4408","communication"
"4409","computing"
"4410","covid"
"4411","crash"
"4412","creation"
"4413","credit"
"4414","current"
"4415","cute"
"4416","database"
"4417","degrees"
"4418","educationfree"
"4419","educationispower"
"4420","educationtechnology"
"4421","employees"
"4422","englishladder"
"4423","essentials"
"4424","exams"
"4425","expand"
"4426","experiences"
"4427","exploring"
"4428","feedbackfree"
"4429","fill"
"4430","financing"
"4431","florence"
"4432","fraser"
"4433","fund"
"4434","head"
"4435","healthcare"
"4436","highquality"
"4437","htmlcss"
"4438","india"
"4439","invest"
"4440","keystone"
"4441","learndaily"
"4442","learnxploreapp"
"4443","linkedin"
"4444","listenjnash"
"4445","malayalam"
"4446","managementfree"
"4447","marketingdekker"
"4448","masters"
"4449","mathematical"
"4450","mathshistory"
"4451","meditation"
"4452","national"
"4453","nightingale"
"4454","oneone"
"4455","onlineschool"
"4456","organizations"
"4457","paper"
"4458","path"
"4459","pedagogy"
"4460","people"
"4461","perfect"
"4462","performance"
"4463","pick"
"4464","powerful"
"4465","proctorio"
"4466","pubschoolops"
"4467","quick"
"4468","react"
"4469","recent"
"4470","remote"
"4471","review"
"4472","reward"
"4473","safe"
"4474","sagemaker"
"4475","saturday"
"4476","sector"
"4477","shift"
"4478","shop"
"4479","shopify"
"4480","solution"
"4481","steel"
"4482","storing"
"4483","story"
"4484","structures"
"4485","tableau"
"4486","thedlcedu"
"4487","transforming"
"4488","understanding"
"4489","user"
"4490","visual"
"4491","workshop"
"4492","academic"
"4493","administrator"
"4494","africa"
"4495","alioop"
"4496","animated"
"4497","arduino"
"4498","benefits"
"4499","cissp"
"4500","cold"
"4501","common"
"4502","covering"
"4503","develop"
"4504","dm"
"4505","domainsques"
"4506","domestika"
"4507","englishgrammar"
"4508","essaydue"
"4509","ethical"
"4510","experts"
"4511","form"
"4512","friday"
"4513","funwithgrammar"
"4514","helps"
"4515","homework"
"4516","importance"
"4517","inspiration"
"4518","interactive"
"4519","internet"
"4520","interview"
"4521","kerala"
"4522","kochi"
"4523","lean"
"4524","learnonline"
"4525","lecture"
"4526","managing"
"4527","marketer"
"4528","mastering"
"4529","math"
"4530","minutes"
"4531","nutrition"
"4532","onlinetraining"
"4533","osint"
"4534","parent"
"4535","parenting"
"4536","parents"
"4537","personalized"
"4538","printing"
"4539","prompt"
"4540","proven"
"4541","quest"
"4542","reach"
"4543","scopedaily"
"4544","secrets"
"4545","shares"
"4546","steam"
"4547","struggling"
"4548","supply"
"4549","trainer"
"4550","tutor"
"4551","tutors"
"4552","universities"
"4553","unleashing"
"4554","upcoming"
"4555","venkatakeerthi"
"4556","videos"
"4557","watch"
"4558","windows"
"4559","wordpress"
"4560","academicsuccess"
"4561","advancedfree"
"4562","arrival"
"4563","benft"
"4564","benftsolutions"
"4565","blockchain"
"4566","bootcamp"
"4567","brianoheadhra"
"4568","building"
"4569","character"
"4570","comprehensive"
"4571","continuing"
"4572","creative"
"4573","cybersecurity"
"4574","deserve"
"4575","digitallearning"
"4576","easy"
"4577","employeetraining"
"4578","englishlanguage"
"4579","examfree"
"4580","framework"
"4581","homeschool"
"4582","itil"
"4583","jasonjohnston"
"4584","jobduties"
"4585","justice"
"4586","landalearn"
"4587","launches"
"4588","lead"
"4589","leadership"
"4590","livewhilelearning"
"4591","love"
"4592","massive"
"4593","meantime"
"4594","medical"
"4595","miloudhamzaoui"
"4596","onlineeducation"
"4597","opportunities"
"4598","opportunity"
"4599","phrases"
"4600","post"
"4601","powerpointfree"
"4602","preparation"
"4603","presetsfree"
"4604","professionals"
"4605","promo"
"4606","schools"
"4607","session"
"4608","skill"
"4609","skillsnext"
"4610","software"
"4611","structural"
"4612","tech"
"4613","thinking"
"4614","trainingsession"
"4615","trial"
"4616","tutoring"
"4617","actual"
"4618","amwriting"
"4619","appreciation"
"4620","assistanceessay"
"4621","beauty"
"4622","challenges"
"4623","change"
"4624","child"
"4625","childhood"
"4626","classlearn"
"4627","classroom"
"4628","coach"
"4629","college"
"4630","coming"
"4631","daily"
"4632","dear"
"4633","difference"
"4634","ecommerce"
"4635","educators"
"4636","edutwitter"
"4637","enjoy"
"4638","essaywrite"
"4639","expertfree"
"4640","global"
"4641","gregcockskiwi"
"4642","grow"
"4643","growth"
"4644","innovative"
"4645","learnxplore"
"4646","loidhne"
"4647","lskkids"
"4648","machine"
"4649","manage"
"4650","media"
"4651","motivation"
"4652","mysql"
"4653","onlineclasses"
"4654","onlinelearningjust"
"4655","passive"
"4656","paydue"
"4657","payessay"
"4658","platforms"
"4659","profit"
"4660","projects"
"4661","promote"
"4662","promotes"
"4663","provide"
"4664","questions"
"4665","quickbooks"
"4666","reading"
"4667","seriesseinn"
"4668","server"
"4669","someth"
"4670","song"
"4671","stepstep"
"4672","thekeystoneschool"
"4673","thursday"
"4674","tool"
"4675","upgrade"
"4676","virtual"
"4677","writing"
"4678","youtube"
"4679","accounting"
"4680","assignmenthelp"
"4681","associate"
"4682","certificationqfree"
"4683","company"
"4684","corporate"
"4685","degree"
"4686","designfree"
"4687","details"
"4688","earn"
"4689","effective"
"4690","empower"
"4691","engagement"
"4692","engineering"
"4693","enhance"
"4694","essential"
"4695","financial"
"4696","fundamentals"
"4697","gaelic"
"4698","income"
"4699","increase"
"4700","masterclass"
"4701","masterclassfree"
"4702","meet"
"4703","mind"
"4704","month"
"4705","onlineclass"
"4706","personal"
"4707","product"
"4708","sales"
"4709","seats"
"4710","shorts"
"4711","spanish"
"4712","system"
"4713","taking"
"4714","tomorrow"
"4715","boost"
"4716","courseop"
"4717","distance"
"4718","guidefree"
"4719","html"
"4720","literacy"
"4721","news"
"4722","offer"
"4723","sessions"
"4724","started"
"4725","strategies"
"4726","teach"
"4727","topic"
"4728","updates"
"4729","alert"
"4730","apply"
"4731","basics"
"4732","click"
"4733","contact"
"4734","demand"
"4735","earning"
"4736","essaywriting"
"4737","explore"
"4738","gain"
"4739","internetbusiness"
"4740","limited"
"4741","neilmosley"
"4742","offers"
"4743","onlinebusines"
"4744","pedagog"
"4745","quiz"
"4746","scrum"
"4747","summer"
"4748","techniques"
"4749","testsfree"
"4750","arguenovice"
"4751","benefit"
"4752","call"
"4753","coursera"
"4754","excited"
"4755","experienceappropriate"
"4756","foundation"
"4757","goals"
"4758","grade"
"4759","happy"
"4760","java"
"4761","linux"
"4762","mental"
"4763","money"
"4764","onlinelearningplatform"
"4765","prep"
"4766","sign"
"4767","step"
"4768","testfree"
"4769","tools"
"4770","animation"
"4771","code"
"4772","content"
"4773","email"
"4774","experienced"
"4775","google"
"4776","grammar"
"4777","hands"
"4778","information"
"4779","learners"
"4780","project"
"4781","projectsfree"
"4782","resources"
"4783","website"
"4784","achieve"
"4785","aiinstituteuk"
"4786","announce"
"4787","beginners"
"4788","beginnersfree"
"4789","book"
"4790","designed"
"4791","future"
"4792","introduction"
"4793","journey"
"4794","kids"
"4795","miss"
"4796","practical"
"4797","service"
"4798","speaking"
"4799","successful"
"4800","check"
"4801","distancelearning"
"4802","humanizing"
"4803","solutions"
"4804","team"
"4805","test"
"4806","trivia"
"4807","beginner"
"4808","employee"
"4809","engaging"
"4810","episode"
"4811","excel"
"4812","health"
"4813","programs"
"4814","register"
"4815","student"
"4816","technical"
"4817","architect"
"4818","azure"
"4819","finance"
"4820","javascript"
"4821","live"
"4822","platform"
"4823","stay"
"4824","webinar"
"4825","amazon"
"4826","marketing"
"4827","science"
"4828","social"
"4829","support"
"4830","technology"
"4831","tests"
"4832","blog"
"4833","build"
"4834","expert"
"4835","improve"
"4836","university"
"4837","weekend"
"4838","article"
"4839","cloud"
"4840","community"
"4841","educational"
"4842","academy"
"4843","classes"
"4844","home"
"4845","mastery"
"4846","maths"
"4847","statistics"
"4848","study"
"4849","ultimate"
"4850","analysis"
"4851","physics"
"4852","podcast"
"4853","power"
"4854","teacher"
"4855","careergoals"
"4856","children"
"4857","customer"
"4858","program"
"4859","programming"
"4860","versity"
"4861","class"
"4862","highered"
"4863","microsoft"
"4864","advanced"
"4865","certification"
"4866","experience"
"4867","forum"
"4868","link"
"4869","onlinecourses"
"4870","public"
"4871","week"
"4872","career"
"4873","professional"
"4874","success"
"4875","access"
"4876","design"
"4877","development"
"4878","life"
"4879","share"
"4880","enroll"
"4881","options"
"4882","video"
"4883","coursework"
"4884","language"
"4885","potential"
"4886","springbreak"
"4887","chatgpt"
"4888","essayhelp"
"4889","guide"
"4890","maya"
"4891","teachers"
"4892","teaching"
"4893","time"
"4894","tips"
"4895","affordable"
"4896","careernext"
"4897","school"
"4898","write"
"4899","create"
"4900","history"
"4901","start"
"4902","coursefree"
"4903","essay"
"4904","biology"
"4905","certified"
"4906","flexible"
"4907","management"
"4908","assignment"
"4909","knowledge"
"4910","unlock"
"4911","discover"
"4912","activeenglish"
"4913","business"
"4914","photoshop"
"4915","confused"
"4916","homeworkhelp"
"4917","data"
"4918","prepositions"
"4919","basicsfree"
"4920","exam"
"4921","lessons"
"4922","digital"
"4923","world"
"4924","python"
"4925","read"
"4926","level"
"4927","ready"
"4928","elearning"
"4929","complete"
"4930","master"
"4931","courses"
"4932","edtech"
"4933","practice"
"4934","join"
"4935","students"
"4936","english"
"4937","skills"
"4938","adobe"
"4939","visit"
"4940","training"
"4941","learn"
"4942","free"
"4943","learning"
"4944","education"
"4945","online"
"4946","selflearning"
"4947","udemy"
"4948","onlinelearning"
